Labeling proteomics,sample_id,drug,susceptibility_logAUC
93,2000176,Idarubicin,0.935135135
93,2000176,Dasatinib,1
93,2000176,Ponatinib,1
93,2000176,Venetoclax,1
93,2000176,Navitoclax,1
93,2000176,Doxorubicin,0.991071429
93,2000176,Birinapant,0.669724771
93,2000176,Bortezomib,1
93,2000176,CB-103,1
93,2000176,Dexamethasone,1
93,2000176,Cytarabine,0.883928571
93,2000176,Etoposide,0.893203883
93,2000176,Methotrexate,1
93,2000176,Selinexor,0.848214286
93,2000176,Vincristine,1
93,2000176,Nilotinib,1
93,2000176,Temsirolimus,0.916666667
93,2000176,Bosutinib,1
93,2000176,Panobinostat,1
93,2000176,Trametinib,0.75257732
93,2000176,Ruxolitinib,1
93,2000176,Dinaciclib,1
93,2000176,A1331852,0.84375
93,2000176,S-63845,1
93,2000176,Nelarabine,0.728971963
43,2000027,Idarubicin,0.648648649
43,2000027,Dasatinib,0.339130435
43,2000027,Ponatinib,0.394495413
43,2000027,Venetoclax,0.234782609
43,2000027,Navitoclax,0.117117117
43,2000027,Doxorubicin,0.901785714
43,2000027,Birinapant,0.220183486
43,2000027,Bortezomib,0.429824561
43,2000027,CB-103,0.027027027
43,2000027,Dexamethasone,0.221238938
43,2000027,Cytarabine,0.294642857
43,2000027,Etoposide,0.54368932
43,2000027,Methotrexate,0.010416667
43,2000027,Selinexor,0.75
43,2000027,Vincristine,0.126126126
43,2000027,Nilotinib,0.294117647
43,2000027,Temsirolimus,0.9375
43,2000027,Bosutinib,0.403846154
43,2000027,Panobinostat,0.428571429
43,2000027,Trametinib,0.391752577
43,2000027,Ruxolitinib,0.275510204
43,2000027,Dinaciclib,0.644230769
43,2000027,A1331852,0.614583333
43,2000027,S-63845,0.3375
43,2000027,Nelarabine,0.140186916
21,2000028,Idarubicin,0.967567568
21,2000028,Dasatinib,1
21,2000028,Ponatinib,0.80733945
21,2000028,Venetoclax,0.817391304
21,2000028,Navitoclax,0.765765766
21,2000028,Doxorubicin,0.982142857
21,2000028,Birinapant,0.293577982
21,2000028,Bortezomib,1
21,2000028,CB-103,1
21,2000028,Dexamethasone,0.486725664
21,2000028,Cytarabine,0.821428571
21,2000028,Etoposide,0.737864078
21,2000028,Methotrexate,1
21,2000028,Selinexor,0.892857143
21,2000028,Vincristine,0.756756757
21,2000028,Nilotinib,1
21,2000028,Temsirolimus,0.489583333
21,2000028,Bosutinib,1
21,2000028,Panobinostat,0.857142857
21,2000028,Trametinib,0.536082474
21,2000028,Ruxolitinib,1
21,2000028,Dinaciclib,0.913461538
21,2000028,A1331852,0.604166667
21,2000028,S-63845,0.8875
21,2000028,Nelarabine,1
49,2000029,Idarubicin,0.405405405
49,2000029,Dasatinib,0.139130435
49,2000029,Ponatinib,0.174311927
49,2000029,Venetoclax,0.208695652
49,2000029,Navitoclax,0.432432432
49,2000029,Doxorubicin,0.392857143
49,2000029,Birinapant,0.110091743
49,2000029,Bortezomib,0.535087719
49,2000029,CB-103,0.121621622
49,2000029,Dexamethasone,0.362831858
49,2000029,Cytarabine,0.125
49,2000029,Etoposide,0.048543689
49,2000029,Methotrexate,1
49,2000029,Selinexor,0.205357143
49,2000029,Vincristine,0.252252252
49,2000029,Nilotinib,1
49,2000029,Temsirolimus,0.395833333
49,2000029,Bosutinib,0.211538462
49,2000029,Panobinostat,0.616071429
49,2000029,Trametinib,0.206185567
49,2000029,Ruxolitinib,1
49,2000029,Dinaciclib,0.634615385
49,2000029,A1331852,0.114583333
49,2000029,S-63845,0.225
49,2000029,Nelarabine,0.476635514
35,2000386,Idarubicin,1
35,2000386,Dasatinib,1
35,2000386,Ponatinib,0.183486239
35,2000386,Venetoclax,0.165217391
46,2000391,Idarubicin,0.875675676
46,2000391,Dasatinib,0.634782609
46,2000391,Ponatinib,0.834862385
46,2000391,Venetoclax,0.852173913
46,2000391,Navitoclax,0.792792793
46,2000391,Doxorubicin,0.892857143
46,2000391,Birinapant,0.458715596
46,2000391,Bortezomib,0.798245614
46,2000391,CB-103,0.324324324
46,2000391,Dexamethasone,0.530973451
46,2000391,Cytarabine,0.544642857
46,2000391,Etoposide,0.524271845
46,2000391,Methotrexate,1
46,2000391,Selinexor,0.6875
46,2000391,Vincristine,0.720720721
46,2000391,Nilotinib,1
46,2000391,Temsirolimus,0.677083333
46,2000391,Bosutinib,0.721153846
46,2000391,Panobinostat,0.875
46,2000391,Trametinib,0.608247423
46,2000391,Ruxolitinib,1
46,2000391,Dinaciclib,0.826923077
46,2000391,A1331852,0.645833333
46,2000391,S-63845,0.8125
46,2000391,Nelarabine,0.663551402
78,2000400,Idarubicin,0.172972973
78,2000400,Dasatinib,1
78,2000400,Ponatinib,0.201834862
78,2000400,Venetoclax,0.12173913
78,2000400,Navitoclax,0.09009009
78,2000400,Doxorubicin,0.071428571
78,2000400,Birinapant,0.348623853
78,2000400,Bortezomib,0.192982456
78,2000400,CB-103,0.22972973
78,2000400,Dexamethasone,0.212389381
78,2000400,Cytarabine,0.178571429
78,2000400,Etoposide,0.038834951
78,2000400,Methotrexate,0.145833333
78,2000400,Selinexor,0.196428571
78,2000400,Vincristine,0.243243243
78,2000400,Nilotinib,0.029411765
78,2000400,Temsirolimus,0.25
78,2000400,Bosutinib,0.548076923
78,2000400,Panobinostat,0.241071429
78,2000400,Trametinib,0.164948454
78,2000400,Ruxolitinib,0.224489796
78,2000400,Dinaciclib,0.269230769
78,2000400,A1331852,0.333333333
78,2000400,S-63845,0.075
78,2000400,Nelarabine,0.420560748
24,2000042,Idarubicin,0.167567568
24,2000042,Dasatinib,0.165217391
24,2000042,Ponatinib,0.155963303
24,2000042,Venetoclax,0.32173913
24,2000042,Navitoclax,0.153153153
24,2000042,Doxorubicin,0.053571429
24,2000042,Birinapant,0.403669725
24,2000042,Bortezomib,0.271929825
24,2000042,CB-103,1
24,2000042,Dexamethasone,0.769911504
24,2000042,Cytarabine,0.25
24,2000042,Etoposide,0.097087379
24,2000042,Methotrexate,0.09375
24,2000042,Selinexor,0.107142857
24,2000042,Vincristine,0.198198198
24,2000042,Nilotinib,1
24,2000042,Temsirolimus,0.052083333
24,2000042,Bosutinib,0.298076923
24,2000042,Panobinostat,0.205357143
24,2000042,Trametinib,0.041237113
24,2000042,Ruxolitinib,1
24,2000042,Dinaciclib,0.211538462
24,2000042,A1331852,0.104166667
24,2000042,S-63845,0.1125
24,2000042,Nelarabine,0.719626168
32,2000045,Idarubicin,0.135135135
32,2000045,Dasatinib,0.07826087
32,2000045,Ponatinib,0.165137615
32,2000045,Venetoclax,0.104347826
32,2000045,Navitoclax,0.054054054
32,2000045,Doxorubicin,0.089285714
32,2000045,Birinapant,0.201834862
32,2000045,Bortezomib,0.236842105
32,2000045,CB-103,0.216216216
32,2000045,Dexamethasone,0.415929204
32,2000045,Cytarabine,0.107142857
32,2000045,Etoposide,0.067961165
32,2000045,Methotrexate,0.135416667
32,2000045,Selinexor,0.303571429
32,2000045,Vincristine,0.072072072
32,2000045,Nilotinib,1
32,2000045,Temsirolimus,0.75
32,2000045,Bosutinib,0.115384615
32,2000045,Panobinostat,0.1875
32,2000045,Trametinib,0.144329897
32,2000045,Ruxolitinib,0.265306122
32,2000045,Dinaciclib,0.173076923
32,2000045,A1331852,0.020833333
32,2000045,S-63845,0.025
32,2000045,Nelarabine,0.411214953
15,2000062,Idarubicin,0.843243243
15,2000062,Dasatinib,0.626086957
15,2000062,Ponatinib,0.798165138
15,2000062,Venetoclax,0.826086957
15,2000062,Navitoclax,0.855855856
15,2000062,Doxorubicin,0.776785714
15,2000062,Birinapant,0.596330275
15,2000062,Bortezomib,0.780701754
15,2000062,CB-103,0.5
15,2000062,Dexamethasone,0.504424779
15,2000062,Cytarabine,0.5625
15,2000062,Etoposide,0.495145631
15,2000062,Methotrexate,1
15,2000062,Selinexor,0.776785714
15,2000062,Vincristine,0.693693694
15,2000062,Nilotinib,1
15,2000062,Temsirolimus,0.739583333
15,2000062,Bosutinib,0.807692308
15,2000062,Panobinostat,0.830357143
15,2000062,Trametinib,0.525773196
15,2000062,Ruxolitinib,1
15,2000062,Dinaciclib,0.807692308
15,2000062,A1331852,0.791666667
15,2000062,S-63845,0.9
15,2000062,Nelarabine,0.738317757
51,2000076,Idarubicin,0.902702703
51,2000076,Dasatinib,0.730434783
51,2000076,Ponatinib,0.220183486
51,2000076,Venetoclax,0.356521739
51,2000076,Navitoclax,0.531531532
51,2000076,Doxorubicin,0.526785714
51,2000076,Birinapant,0.073394495
51,2000076,Bortezomib,0.315789474
51,2000076,CB-103,1
51,2000076,Dexamethasone,1
51,2000076,Cytarabine,0.875
51,2000076,Etoposide,0.922330097
51,2000076,Methotrexate,0.0625
51,2000076,Selinexor,0.419642857
51,2000076,Vincristine,0.567567568
51,2000076,Nilotinib,0.107843137
51,2000076,Temsirolimus,0.104166667
51,2000076,Bosutinib,0.153846154
51,2000076,Panobinostat,0.553571429
51,2000076,Trametinib,0.051546392
51,2000076,Ruxolitinib,0.112244898
51,2000076,Dinaciclib,0.5
51,2000076,A1331852,0.489583333
51,2000076,S-63845,0.15
51,2000076,Nelarabine,1
22,2000044,Idarubicin,0.297297297
22,2000044,Dasatinib,0.017391304
22,2000044,Ponatinib,0.19266055
22,2000044,Venetoclax,0.547826087
22,2000044,Navitoclax,0.423423423
22,2000044,Doxorubicin,0.026785714
22,2000044,Birinapant,0.23853211
22,2000044,Bortezomib,0.350877193
22,2000044,CB-103,0.081081081
22,2000044,Dexamethasone,0.256637168
22,2000044,Cytarabine,0.0625
22,2000044,Etoposide,0.116504854
22,2000044,Methotrexate,1
22,2000044,Selinexor,0.017857143
22,2000044,Vincristine,0.162162162
22,2000044,Nilotinib,1
22,2000044,Temsirolimus,0.65625
22,2000044,Bosutinib,0.009615385
22,2000044,Panobinostat,0.3125
22,2000044,Trametinib,0.298969072
22,2000044,Ruxolitinib,1
22,2000044,Dinaciclib,0.288461538
22,2000044,A1331852,0.239583333
22,2000044,S-63845,0.0875
22,2000044,Nelarabine,0.009345794
85,2016047,Idarubicin,0.389189189
85,2016047,Dasatinib,0.226086957
85,2016047,Ponatinib,0.266055046
85,2016047,Venetoclax,0.634782609
85,2016047,Navitoclax,0.378378378
85,2016047,Doxorubicin,0.4375
85,2016047,Birinapant,1
85,2016047,Bortezomib,0.385964912
85,2016047,CB-103,1
85,2016047,Dexamethasone,0.831858407
85,2016047,Cytarabine,0.401785714
85,2016047,Etoposide,0.582524272
85,2016047,Methotrexate,1
85,2016047,Selinexor,0.803571429
85,2016047,Vincristine,0.171171171
85,2016047,Nilotinib,1
85,2016047,Temsirolimus,0.833333333
85,2016047,Bosutinib,0.355769231
85,2016047,Panobinostat,0.375
85,2016047,Trametinib,0.453608247
85,2016047,Ruxolitinib,1
85,2016047,Dinaciclib,0.365384615
85,2016047,A1331852,0.6875
85,2016047,S-63845,0.25
85,2016047,Nelarabine,1
56,2016048,Idarubicin,0.32972973
56,2016048,Dasatinib,0.147826087
56,2016048,Ponatinib,0.339449541
56,2016048,Venetoclax,0.443478261
56,2016048,Navitoclax,0.207207207
56,2016048,Doxorubicin,0.446428571
56,2016048,Birinapant,1
56,2016048,Bortezomib,0.298245614
56,2016048,CB-103,0.27027027
56,2016048,Dexamethasone,0.654867257
56,2016048,Cytarabine,0.348214286
56,2016048,Etoposide,0.533980583
56,2016048,Methotrexate,1
56,2016048,Selinexor,0.794642857
56,2016048,Vincristine,0.144144144
56,2016048,Nilotinib,1
56,2016048,Temsirolimus,0.46875
56,2016048,Bosutinib,0.259615385
56,2016048,Panobinostat,0.223214286
56,2016048,Trametinib,0.628865979
56,2016048,Ruxolitinib,1
56,2016048,Dinaciclib,0.153846154
56,2016048,A1331852,0.666666667
56,2016048,S-63845,0.2625
56,2016048,Nelarabine,0.485981308
28,2016056,Idarubicin,0.908108108
28,2016056,Dasatinib,1
28,2016056,Ponatinib,1
28,2016056,Venetoclax,0.556521739
28,2016056,Navitoclax,0.810810811
28,2016056,Doxorubicin,0.9375
28,2016056,Birinapant,1
28,2016056,Bortezomib,1
28,2016056,CB-103,1
28,2016056,Dexamethasone,0.477876106
28,2016056,Cytarabine,0.553571429
28,2016056,Etoposide,1
28,2016056,Methotrexate,1
28,2016056,Selinexor,0.651785714
28,2016056,Vincristine,0.684684685
28,2016056,Nilotinib,1
28,2016056,Temsirolimus,0.5625
28,2016056,Bosutinib,0.596153846
28,2016056,Panobinostat,0.848214286
28,2016056,Trametinib,0.783505155
28,2016056,Ruxolitinib,1
28,2016056,Dinaciclib,1
28,2016056,A1331852,1
28,2016056,S-63845,1
28,2016056,Nelarabine,0.710280374
3,2016061,Idarubicin,0.145945946
3,2016061,Dasatinib,0.260869565
3,2016061,Ponatinib,0.211009174
3,2016061,Venetoclax,0.304347826
3,2016061,Navitoclax,0.108108108
3,2016061,Doxorubicin,0.205357143
3,2016061,Birinapant,0.623853211
3,2016061,Bortezomib,0.368421053
3,2016061,CB-103,0.148648649
3,2016061,Dexamethasone,0.734513274
3,2016061,Cytarabine,0.169642857
3,2016061,Etoposide,0.184466019
3,2016061,Methotrexate,1
3,2016061,Selinexor,0.544642857
3,2016061,Vincristine,0.153153153
3,2016061,Nilotinib,1
3,2016061,Temsirolimus,0.385416667
3,2016061,Bosutinib,0.221153846
3,2016061,Panobinostat,0.339285714
3,2016061,Trametinib,0.175257732
3,2016061,Ruxolitinib,1
3,2016061,Dinaciclib,0.298076923
3,2016061,A1331852,0.25
3,2016061,S-63845,0.05
3,2016061,Nelarabine,0.635514019
11,2016062,Idarubicin,0.362162162
11,2016062,Dasatinib,0.695652174
11,2016062,Ponatinib,0.348623853
11,2016062,Venetoclax,0.286956522
11,2016062,Navitoclax,0.603603604
11,2016062,Doxorubicin,0.375
11,2016062,Birinapant,0.385321101
11,2016062,Bortezomib,0.622807018
11,2016062,CB-103,0.486486486
11,2016062,Dexamethasone,0.451327434
11,2016062,Cytarabine,0.410714286
11,2016062,Etoposide,0.436893204
11,2016062,Methotrexate,1
11,2016062,Selinexor,0.589285714
11,2016062,Vincristine,0.513513514
11,2016062,Nilotinib,1
11,2016062,Temsirolimus,0.427083333
11,2016062,Bosutinib,0.442307692
11,2016062,Panobinostat,0.660714286
11,2016062,Trametinib,0.329896907
11,2016062,Ruxolitinib,1
11,2016062,Dinaciclib,0.125
11,2016062,A1331852,0.354166667
11,2016062,S-63845,0.5625
11,2016062,Nelarabine,1
6,2016063,Idarubicin,0.778378378
6,2016063,Dasatinib,1
6,2016063,Ponatinib,0.596330275
6,2016063,Venetoclax,0.130434783
6,2016063,Navitoclax,0.135135135
6,2016063,Doxorubicin,0.517857143
6,2016063,Birinapant,0.440366972
6,2016063,Bortezomib,0.561403509
6,2016063,CB-103,0.337837838
6,2016063,Dexamethasone,0.424778761
6,2016063,Cytarabine,0.696428571
6,2016063,Etoposide,0.825242718
6,2016063,Methotrexate,1
6,2016063,Selinexor,0.830357143
6,2016063,Vincristine,0.189189189
6,2016063,Nilotinib,1
6,2016063,Temsirolimus,0.552083333
6,2016063,Bosutinib,1
6,2016063,Panobinostat,0.348214286
6,2016063,Trametinib,0.711340206
6,2016063,Ruxolitinib,1
6,2016063,Dinaciclib,0.259615385
6,2016063,A1331852,0.177083333
6,2016063,S-63845,0.175
6,2016063,Nelarabine,1
64,2017067,Idarubicin,0.383783784
64,2017067,Dasatinib,1
64,2017067,Ponatinib,0.577981651
64,2017067,Venetoclax,0.008695652
64,2017067,Navitoclax,0.216216216
64,2017067,Doxorubicin,0.008928571
64,2017067,Birinapant,0.412844037
64,2017067,Bortezomib,0.052631579
64,2017067,CB-103,0.459459459
64,2017067,Dexamethasone,0.592920354
64,2017067,Cytarabine,0.357142857
64,2017067,Etoposide,0.40776699
64,2017067,Methotrexate,0.052083333
64,2017067,Selinexor,0.919642857
64,2017067,Vincristine,0.099099099
64,2017067,Nilotinib,1
64,2017067,Temsirolimus,0.3125
64,2017067,Bosutinib,0.826923077
64,2017067,Panobinostat,0.232142857
64,2017067,Trametinib,0.474226804
64,2017067,Ruxolitinib,1
64,2017067,Dinaciclib,0.009615385
64,2017067,A1331852,0.416666667
64,2017067,S-63845,0.2
64,2017067,Nelarabine,0.028037383
59,2017068,Idarubicin,0.178378378
59,2017068,Dasatinib,0.52173913
59,2017068,Ponatinib,0.532110092
59,2017068,Venetoclax,0.27826087
59,2017068,Navitoclax,0.099099099
59,2017068,Doxorubicin,0.160714286
59,2017068,Birinapant,0.495412844
59,2017068,Bortezomib,0.359649123
59,2017068,CB-103,0.243243243
59,2017068,Dexamethasone,1
59,2017068,Cytarabine,0.303571429
59,2017068,Etoposide,0.27184466
59,2017068,Methotrexate,1
59,2017068,Selinexor,0.714285714
59,2017068,Vincristine,0.135135135
59,2017068,Nilotinib,1
59,2017068,Temsirolimus,0.645833333
59,2017068,Bosutinib,0.605769231
59,2017068,Panobinostat,0.258928571
59,2017068,Trametinib,0.381443299
59,2017068,Ruxolitinib,1
59,2017068,Dinaciclib,0.144230769
59,2017068,A1331852,0.208333333
59,2017068,S-63845,0.1625
59,2017068,Nelarabine,0.607476636
68,2018003,Idarubicin,0.205405405
68,2018003,Dasatinib,0.208695652
68,2018003,Ponatinib,0.275229358
68,2018003,Venetoclax,0.147826087
68,2018003,Navitoclax,0.18018018
68,2018003,Doxorubicin,0.0625
68,2018003,Birinapant,0.229357798
68,2018003,Bortezomib,0.473684211
68,2018003,CB-103,0.256756757
68,2018003,Dexamethasone,0.088495575
68,2018003,Cytarabine,0.758928571
68,2018003,Etoposide,0.213592233
68,2018003,Methotrexate,1
68,2018003,Selinexor,0.214285714
68,2018003,Vincristine,0.306306306
68,2018003,Nilotinib,0.303921569
68,2018003,Temsirolimus,0.114583333
68,2018003,Bosutinib,0.125
68,2018003,Panobinostat,0.455357143
68,2018003,Trametinib,0.865979381
68,2018003,Ruxolitinib,0.010204082
68,2018003,Dinaciclib,0.25
68,2018003,A1331852,0.083333333
68,2018003,S-63845,0.2125
68,2018003,Nelarabine,0.112149533
74,2018031,Idarubicin,0.562162162
74,2018031,Dasatinib,0.47826087
74,2018031,Ponatinib,0.614678899
74,2018031,Venetoclax,0.704347826
74,2018031,Navitoclax,0.351351351
74,2018031,Doxorubicin,0.75
74,2018031,Birinapant,1
74,2018031,Bortezomib,0.728070175
74,2018031,CB-103,0.472972973
74,2018031,Dexamethasone,0.398230088
112,2020036,Idarubicin,0.210810811
112,2020036,Dasatinib,0.608695652
112,2020036,Ponatinib,0.376146789
112,2020036,Venetoclax,0.67826087
112,2020036,Navitoclax,0.477477477
112,2020036,Doxorubicin,0.223214286
112,2020036,Birinapant,0.605504587
112,2020036,Bortezomib,0.412280702
112,2020036,CB-103,0.094594595
112,2020036,Dexamethasone,0.318584071
112,2020036,Cytarabine,0.241071429
112,2020036,Etoposide,0.194174757
112,2020036,Methotrexate,1
112,2020036,Selinexor,0.151785714
112,2020036,Vincristine,0.342342342
112,2020036,Nilotinib,1
112,2020036,Temsirolimus,0.302083333
112,2020036,Bosutinib,0.192307692
112,2020036,Panobinostat,0.410714286
112,2020036,Trametinib,0.154639175
112,2020036,Ruxolitinib,1
112,2020036,Dinaciclib,0.317307692
112,2020036,A1331852,0.364583333
112,2020036,S-63845,0.375
112,2020036,Nelarabine,0.757009346
67,2017032,Idarubicin,0.659459459
67,2017032,Dasatinib,0.469565217
67,2017032,Ponatinib,0.724770642
67,2017032,Venetoclax,0.2
67,2017032,Navitoclax,0.657657658
67,2017032,Doxorubicin,0.607142857
67,2017032,Birinapant,0.018348624
67,2017032,Bortezomib,0.675438596
67,2017032,CB-103,0.013513514
67,2017032,Dexamethasone,0.389380531
67,2017032,Cytarabine,0.026785714
67,2017032,Etoposide,0.281553398
67,2017032,Methotrexate,1
67,2017032,Selinexor,0.348214286
67,2017032,Vincristine,0.09009009
67,2017032,Nilotinib,0.284313725
67,2017032,Temsirolimus,0.447916667
67,2017032,Bosutinib,0.096153846
67,2017032,Panobinostat,0.214285714
67,2017032,Trametinib,0.082474227
67,2017032,Ruxolitinib,1
67,2017032,Dinaciclib,0.653846154
67,2017032,A1331852,1
67,2017032,S-63845,0.3
67,2017032,Nelarabine,0.08411215
18,2000376,Idarubicin,0.945945946
18,2000376,Dasatinib,1
18,2000376,Ponatinib,0.825688073
18,2000376,Venetoclax,1
18,2000376,Navitoclax,0.873873874
18,2000376,Doxorubicin,0.651785714
18,2000376,Birinapant,1
18,2000376,Bortezomib,1
18,2000376,CB-103,0.513513514
18,2000376,Dexamethasone,0.805309735
18,2000376,Cytarabine,0.491071429
18,2000376,Etoposide,0.883495146
18,2000376,Methotrexate,1
18,2000376,Selinexor,0.883928571
18,2000376,Vincristine,1
18,2000376,Nilotinib,1
18,2000376,Temsirolimus,1
18,2000376,Bosutinib,0.682692308
18,2000376,Panobinostat,1
18,2000376,Trametinib,0.773195876
18,2000376,Ruxolitinib,1
18,2000376,Dinaciclib,1
18,2000376,A1331852,0.78125
18,2000376,S-63845,1
18,2000376,Nelarabine,0.523364486
54,2000363,Idarubicin,0.308108108
54,2000363,Dasatinib,0.104347826
54,2000363,Ponatinib,0.073394495
54,2000363,Venetoclax,0.486956522
54,2000363,Navitoclax,0.585585586
54,2000363,Doxorubicin,0.196428571
54,2000363,Birinapant,0.587155963
54,2000363,Bortezomib,0.807017544
54,2000363,CB-103,0.175675676
54,2000363,Dexamethasone,0.353982301
54,2000363,Cytarabine,0.160714286
54,2000363,Etoposide,0.029126214
54,2000363,Methotrexate,1
54,2000363,Selinexor,0.071428571
54,2000363,Vincristine,0.594594595
54,2000363,Nilotinib,1
54,2000363,Temsirolimus,0.239583333
54,2000363,Bosutinib,0.201923077
54,2000363,Panobinostat,0.6875
54,2000363,Trametinib,0.113402062
54,2000363,Ruxolitinib,1
54,2000363,Dinaciclib,0.615384615
54,2000363,A1331852,0.53125
54,2000363,S-63845,0.6625
54,2000363,Nelarabine,1
75,2017040,Idarubicin,0.275675676
75,2017040,Dasatinib,0.086956522
75,2017040,Ponatinib,0.091743119
75,2017040,Venetoclax,0.730434783
75,2017040,Navitoclax,0.576576577
75,2017040,Doxorubicin,0.241071429
75,2017040,Birinapant,0.155963303
75,2017040,Bortezomib,0.745614035
75,2017040,CB-103,0.405405405
75,2017040,Dexamethasone,0.247787611
75,2017040,Cytarabine,0.267857143
75,2017040,Etoposide,0.174757282
75,2017040,Methotrexate,1
75,2017040,Selinexor,0.223214286
75,2017040,Vincristine,0.423423423
75,2017040,Nilotinib,0.039215686
75,2017040,Temsirolimus,0.208333333
75,2017040,Bosutinib,0.057692308
75,2017040,Panobinostat,0.625
75,2017040,Trametinib,0.12371134
75,2017040,Ruxolitinib,0.244897959
75,2017040,Dinaciclib,0.730769231
75,2017040,A1331852,0.458333333
75,2017040,S-63845,0.725
75,2017040,Nelarabine,0.551401869
77,2000388,Idarubicin,0.340540541
77,2000388,Dasatinib,0.304347826
77,2000388,Ponatinib,1
77,2000388,Venetoclax,0.886956522
77,2000388,Navitoclax,0.864864865
77,2000388,Doxorubicin,0.508928571
77,2000388,Birinapant,1
77,2000388,Bortezomib,1
77,2000388,CB-103,1
77,2000388,Dexamethasone,0.761061947
77,2000388,Cytarabine,0.732142857
77,2000388,Etoposide,0.553398058
77,2000388,Methotrexate,1
77,2000388,Selinexor,0.491071429
77,2000388,Vincristine,1
77,2000388,Nilotinib,1
77,2000388,Temsirolimus,0.625
77,2000388,Bosutinib,0.423076923
77,2000388,Panobinostat,0.892857143
77,2000388,Trametinib,0.556701031
77,2000388,Ruxolitinib,1
77,2000388,Dinaciclib,1
77,2000388,A1331852,0.708333333
77,2000388,S-63845,0.825
77,2000388,Nelarabine,1
30,2000392,Idarubicin,0.410810811
30,2000392,Dasatinib,1
30,2000392,Ponatinib,0.678899083
30,2000392,Venetoclax,0.765217391
30,2000392,Navitoclax,0.45045045
30,2000392,Doxorubicin,0.321428571
30,2000392,Birinapant,1
30,2000392,Bortezomib,0.763157895
30,2000392,CB-103,0.283783784
30,2000392,Dexamethasone,0.079646018
30,2000392,Cytarabine,0.071428571
30,2000392,Etoposide,1
30,2000392,Methotrexate,1
30,2000392,Selinexor,0.008928571
30,2000392,Vincristine,1
30,2000392,Nilotinib,1
30,2000392,Temsirolimus,0.5
30,2000392,Bosutinib,1
30,2000392,Panobinostat,0.008928571
30,2000392,Trametinib,1
30,2000392,Ruxolitinib,1
30,2000392,Dinaciclib,1
30,2000392,A1331852,1
30,2000392,S-63845,1
30,2000392,Nelarabine,1
44,2000368,Idarubicin,0.227027027
44,2000368,Dasatinib,0.043478261
44,2000368,Ponatinib,0.018348624
44,2000368,Venetoclax,0.747826087
44,2000368,Navitoclax,0.261261261
44,2000368,Doxorubicin,0.169642857
44,2000368,Birinapant,1
44,2000368,Bortezomib,1
44,2000368,CB-103,0.391891892
44,2000368,Dexamethasone,0.115044248
44,2000368,Cytarabine,0.098214286
44,2000368,Etoposide,0.058252427
44,2000368,Methotrexate,1
44,2000368,Selinexor,0.142857143
44,2000368,Vincristine,0.630630631
44,2000368,Nilotinib,1
44,2000368,Temsirolimus,0.145833333
44,2000368,Bosutinib,0.134615385
44,2000368,Panobinostat,0.696428571
44,2000368,Trametinib,0.103092784
44,2000368,Ruxolitinib,1
44,2000368,Dinaciclib,0.519230769
44,2000368,A1331852,0.052083333
44,2000368,S-63845,0.5375
44,2000368,Nelarabine,0.224299065
20,2000379,Idarubicin,1
20,2000379,Dasatinib,0.252173913
20,2000379,Ponatinib,1
20,2000379,Venetoclax,1
20,2000379,Navitoclax,1
20,2000379,Doxorubicin,1
20,2000379,Birinapant,1
20,2000379,Bortezomib,1
20,2000379,CB-103,1
20,2000379,Dexamethasone,1
20,2000379,Cytarabine,1
20,2000379,Etoposide,0.718446602
20,2000379,Methotrexate,1
20,2000379,Selinexor,0.669642857
20,2000379,Vincristine,1
20,2000379,Nilotinib,1
20,2000379,Temsirolimus,1
20,2000379,Bosutinib,1
20,2000379,Panobinostat,1
20,2000379,Trametinib,1
20,2000379,Ruxolitinib,1
20,2000379,Dinaciclib,1
20,2000379,A1331852,1
20,2000379,S-63845,1
20,2000379,Nelarabine,1
91,2017105,Idarubicin,0.556756757
91,2017105,Dasatinib,0.426086957
91,2017105,Ponatinib,1
91,2017105,Venetoclax,1
91,2017105,Navitoclax,0.72972973
91,2017105,Doxorubicin,0.285714286
91,2017105,Birinapant,1
91,2017105,Bortezomib,0.833333333
91,2017105,CB-103,1
91,2017105,Dexamethasone,1
91,2017105,Cytarabine,1
91,2017105,Etoposide,0.631067961
91,2017105,Methotrexate,1
91,2017105,Selinexor,1
91,2017105,Vincristine,1
91,2017105,Nilotinib,1
91,2017105,Temsirolimus,0.895833333
91,2017105,Bosutinib,0.634615385
91,2017105,Panobinostat,0.839285714
91,2017105,Trametinib,1
91,2017105,Ruxolitinib,1
91,2017105,Dinaciclib,0.894230769
91,2017105,A1331852,0.375
91,2017105,S-63845,0.8625
91,2017105,Nelarabine,0.672897196
19,2017038,Idarubicin,0.783783784
19,2017038,Dasatinib,1
19,2017038,Ponatinib,0.770642202
19,2017038,Venetoclax,1
19,2017038,Navitoclax,0.837837838
19,2017038,Doxorubicin,0.785714286
19,2017038,Birinapant,1
19,2017038,Bortezomib,1
19,2017038,CB-103,1
19,2017038,Dexamethasone,1
19,2017038,Cytarabine,1
19,2017038,Etoposide,1
19,2017038,Methotrexate,1
19,2017038,Selinexor,1
19,2017038,Vincristine,1
19,2017038,Nilotinib,1
19,2017038,Temsirolimus,0.666666667
19,2017038,Bosutinib,1
19,2017038,Panobinostat,0.883928571
19,2017038,Trametinib,0.639175258
19,2017038,Ruxolitinib,1
19,2017038,Dinaciclib,0.884615385
19,2017038,A1331852,1
19,2017038,S-63845,0.875
19,2017038,Nelarabine,1
1,2017075,Idarubicin,0.535135135
1,2017075,Dasatinib,1
1,2017075,Ponatinib,0.660550459
1,2017075,Venetoclax,0.72173913
1,2017075,Navitoclax,0.684684685
1,2017075,Doxorubicin,0.080357143
1,2017075,Birinapant,1
1,2017075,Bortezomib,0.692982456
1,2017075,CB-103,0.135135135
1,2017075,Dexamethasone,0.575221239
1,2017075,Cytarabine,0.232142857
1,2017075,Etoposide,0.223300971
1,2017075,Methotrexate,0.072916667
1,2017075,Selinexor,0.330357143
1,2017075,Vincristine,0.396396396
1,2017075,Nilotinib,1
1,2017075,Temsirolimus,0.583333333
1,2017075,Bosutinib,1
1,2017075,Panobinostat,0.607142857
1,2017075,Trametinib,0.350515464
1,2017075,Ruxolitinib,1
1,2017075,Dinaciclib,0.740384615
1,2017075,A1331852,1
1,2017075,S-63845,0.5125
1,2017075,Nelarabine,1
2,2017047,Idarubicin,0.437837838
2,2017047,Dasatinib,1
2,2017047,Ponatinib,0.651376147
2,2017047,Venetoclax,0.713043478
2,2017047,Navitoclax,0.675675676
2,2017047,Doxorubicin,0.339285714
2,2017047,Birinapant,0.467889908
2,2017047,Bortezomib,0.578947368
2,2017047,CB-103,0.189189189
2,2017047,Dexamethasone,1
2,2017047,Cytarabine,0.080357143
2,2017047,Etoposide,0.165048544
2,2017047,Methotrexate,0.020833333
2,2017047,Selinexor,0.642857143
2,2017047,Vincristine,0.477477477
2,2017047,Nilotinib,1
2,2017047,Temsirolimus,0.510416667
2,2017047,Bosutinib,1
2,2017047,Panobinostat,0.482142857
2,2017047,Trametinib,0.360824742
2,2017047,Ruxolitinib,1
2,2017047,Dinaciclib,0.528846154
2,2017047,A1331852,1
2,2017047,S-63845,0.45
2,2017047,Nelarabine,1
103,2017108,Idarubicin,0.632432432
103,2017108,Dasatinib,0.069565217
103,2017108,Ponatinib,0.330275229
103,2017108,Venetoclax,0.739130435
103,2017108,Navitoclax,0.711711712
103,2017108,Doxorubicin,0.669642857
103,2017108,Birinapant,1
103,2017108,Bortezomib,0.614035088
103,2017108,CB-103,1
103,2017108,Dexamethasone,1
103,2017108,Cytarabine,0.526785714
103,2017108,Etoposide,0.912621359
103,2017108,Methotrexate,1
103,2017108,Selinexor,0.339285714
103,2017108,Vincristine,1
103,2017108,Nilotinib,1
103,2017108,Temsirolimus,0.8125
103,2017108,Bosutinib,0.432692308
103,2017108,Panobinostat,0.598214286
103,2017108,Trametinib,1
103,2017108,Ruxolitinib,1
103,2017108,Dinaciclib,0.798076923
103,2017108,A1331852,1
103,2017108,S-63845,0.5875
103,2017108,Nelarabine,1
36,2017079,Idarubicin,0.313513514
36,2017079,Dasatinib,0.052173913
36,2017079,Ponatinib,0.04587156
36,2017079,Venetoclax,0.643478261
36,2017079,Navitoclax,0.648648649
36,2017079,Doxorubicin,0.107142857
36,2017079,Birinapant,0.146788991
36,2017079,Bortezomib,0.49122807
36,2017079,CB-103,1
36,2017079,Dexamethasone,1
36,2017079,Cytarabine,0.214285714
36,2017079,Etoposide,0.106796117
36,2017079,Methotrexate,1
36,2017079,Selinexor,0.383928571
36,2017079,Vincristine,0.207207207
36,2017079,Nilotinib,0.049019608
36,2017079,Temsirolimus,0.135416667
36,2017079,Bosutinib,0.048076923
36,2017079,Panobinostat,0.383928571
36,2017079,Trametinib,1
36,2017079,Ruxolitinib,0.091836735
36,2017079,Dinaciclib,0.442307692
36,2017079,A1331852,0.65625
36,2017079,S-63845,0.7875
36,2017079,Nelarabine,1
45,2017097,Idarubicin,1
45,2017097,Dasatinib,0.217391304
45,2017097,Ponatinib,1
45,2017097,Venetoclax,1
45,2017097,Navitoclax,1
45,2017097,Doxorubicin,0.732142857
45,2017097,Birinapant,1
45,2017097,Bortezomib,1
45,2017097,CB-103,1
45,2017097,Dexamethasone,0.646017699
45,2017097,Cytarabine,1
45,2017097,Etoposide,1
45,2017097,Methotrexate,1
45,2017097,Selinexor,1
45,2017097,Vincristine,1
45,2017097,Nilotinib,1
45,2017097,Temsirolimus,0.864583333
45,2017097,Bosutinib,1
45,2017097,Panobinostat,1
45,2017097,Trametinib,1
45,2017097,Ruxolitinib,1
45,2017097,Dinaciclib,1
45,2017097,A1331852,1
45,2017097,S-63845,1
45,2017097,Nelarabine,1
105,2019026,Idarubicin,0.605405405
105,2019026,Dasatinib,1
105,2019026,Ponatinib,0.302752294
105,2019026,Venetoclax,0.086956522
105,2019026,Navitoclax,0.162162162
105,2019026,Doxorubicin,0.714285714
105,2019026,Birinapant,0.47706422
105,2019026,Bortezomib,0.210526316
105,2019026,CB-103,1
105,2019026,Dexamethasone,1
105,2019026,Cytarabine,0.625
105,2019026,Etoposide,0.669902913
105,2019026,Methotrexate,1
105,2019026,Selinexor,0.410714286
105,2019026,Vincristine,0.576576577
105,2019026,Nilotinib,1
105,2019026,Temsirolimus,0.270833333
105,2019026,Bosutinib,0.663461538
105,2019026,Panobinostat,0.401785714
105,2019026,Trametinib,1
105,2019026,Ruxolitinib,1
105,2019026,Dinaciclib,0.625
105,2019026,A1331852,0.427083333
105,2019026,S-63845,0.1
105,2019026,Nelarabine,0.448598131
71,2019027,Idarubicin,1
71,2019027,Dasatinib,1
71,2019027,Ponatinib,1
71,2019027,Venetoclax,1
71,2019027,Navitoclax,0.90990991
71,2019027,Doxorubicin,0.741071429
71,2019027,Birinapant,1
71,2019027,Bortezomib,1
71,2019027,CB-103,1
71,2019027,Dexamethasone,0.637168142
71,2019027,Cytarabine,1
71,2019027,Etoposide,0.932038835
71,2019027,Methotrexate,0.114583333
71,2019027,Selinexor,0.946428571
71,2019027,Vincristine,1
71,2019027,Nilotinib,1
71,2019027,Temsirolimus,0.09375
71,2019027,Bosutinib,0.673076923
71,2019027,Panobinostat,1
71,2019027,Trametinib,1
71,2019027,Ruxolitinib,0.163265306
71,2019027,Dinaciclib,1
71,2019027,A1331852,0.802083333
71,2019027,S-63845,0.925
71,2019027,Nelarabine,0.439252336
83,2018063,Idarubicin,0.832432432
83,2018063,Dasatinib,1
83,2018063,Ponatinib,1
83,2018063,Venetoclax,1
83,2018063,Navitoclax,1
83,2018063,Doxorubicin,0.133928571
83,2018063,Birinapant,1
83,2018063,Bortezomib,1
83,2018063,CB-103,1
83,2018063,Dexamethasone,1
83,2018063,Cytarabine,0.9375
83,2018063,Etoposide,1
83,2018063,Methotrexate,0.166666667
83,2018063,Selinexor,0.875
83,2018063,Vincristine,1
83,2018063,Nilotinib,1
83,2018063,Temsirolimus,0.53125
83,2018063,Bosutinib,1
83,2018063,Panobinostat,1
83,2018063,Trametinib,1
83,2018063,Ruxolitinib,1
83,2018063,Dinaciclib,0.875
83,2018063,A1331852,1
83,2018063,S-63845,0.85
83,2018063,Nelarabine,0.504672897
107,2018030,Idarubicin,0.864864865
107,2018030,Dasatinib,1
107,2018030,Ponatinib,1
107,2018030,Venetoclax,0.913043478
107,2018030,Navitoclax,0.774774775
107,2018030,Doxorubicin,0.428571429
107,2018030,Birinapant,1
107,2018030,Bortezomib,1
107,2018030,CB-103,1
107,2018030,Dexamethasone,0.716814159
107,2018030,Cytarabine,0.830357143
107,2018030,Etoposide,0.747572816
107,2018030,Methotrexate,1
107,2018030,Selinexor,0.678571429
107,2018030,Vincristine,0.72972973
107,2018030,Nilotinib,1
107,2018030,Temsirolimus,0.458333333
107,2018030,Bosutinib,0.740384615
107,2018030,Panobinostat,1
107,2018030,Trametinib,0.371134021
107,2018030,Ruxolitinib,1
107,2018030,Dinaciclib,0.817307692
107,2018030,A1331852,0.541666667
107,2018030,S-63845,0.9125
107,2018030,Nelarabine,0.261682243
17,2017092,Idarubicin,1
17,2017092,Dasatinib,1
17,2017092,Ponatinib,1
17,2017092,Venetoclax,0.608695652
17,2017092,Navitoclax,0.918918919
17,2017092,Doxorubicin,0.821428571
17,2017092,Birinapant,0.660550459
17,2017092,Bortezomib,1
17,2017092,CB-103,1
17,2017092,Dexamethasone,0.725663717
17,2017092,Cytarabine,0.848214286
17,2017092,Etoposide,0.660194175
17,2017092,Methotrexate,0.125
17,2017092,Selinexor,0.857142857
17,2017092,Vincristine,0.81981982
17,2017092,Nilotinib,1
17,2017092,Temsirolimus,0.927083333
17,2017092,Bosutinib,0.730769231
17,2017092,Panobinostat,0.901785714
17,2017092,Trametinib,0.824742268
17,2017092,Ruxolitinib,1
17,2017092,Dinaciclib,0.846153846
17,2017092,A1331852,0.875
17,2017092,S-63845,0.8375
17,2017092,Nelarabine,0.794392523
14,2000371,Idarubicin,0.194594595
14,2000371,Dasatinib,0.4
14,2000371,Ponatinib,0.743119266
14,2000371,Venetoclax,0.626086957
14,2000371,Navitoclax,0.234234234
14,2000371,Doxorubicin,0.625
14,2000371,Birinapant,1
14,2000371,Bortezomib,0.5
14,2000371,CB-103,1
14,2000371,Dexamethasone,0.097345133
14,2000371,Cytarabine,0.366071429
14,2000371,Etoposide,0.233009709
14,2000371,Methotrexate,1
14,2000371,Selinexor,0.267857143
14,2000371,Vincristine,0.783783784
14,2000371,Nilotinib,1
14,2000371,Temsirolimus,0.697916667
14,2000371,Bosutinib,0.413461538
14,2000371,Panobinostat,0.419642857
14,2000371,Trametinib,0.195876289
14,2000371,Ruxolitinib,1
14,2000371,Dinaciclib,0.567307692
14,2000371,A1331852,0.09375
14,2000371,S-63845,0.4125
14,2000371,Nelarabine,0.121495327
113,2020050,Idarubicin,0.464864865
113,2020050,Dasatinib,0.365217391
113,2020050,Ponatinib,0.412844037
113,2020050,Venetoclax,0.365217391
113,2020050,Navitoclax,0.414414414
113,2020050,Doxorubicin,0.910714286
113,2020050,Birinapant,0.633027523
113,2020050,Bortezomib,0.710526316
113,2020050,CB-103,0.162162162
113,2020050,Dexamethasone,0.672566372
113,2020050,Cytarabine,0.258928571
113,2020050,Etoposide,0.155339806
113,2020050,Methotrexate,0.104166667
113,2020050,Selinexor,0.125
113,2020050,Vincristine,0.414414414
113,2020050,Nilotinib,0.117647059
113,2020050,Temsirolimus,0.354166667
113,2020050,Bosutinib,0.278846154
113,2020050,Panobinostat,0.678571429
113,2020050,Trametinib,0.257731959
113,2020050,Ruxolitinib,1
113,2020050,Dinaciclib,0.701923077
113,2020050,A1331852,0.1875
113,2020050,S-63845,0.3875
113,2020050,Nelarabine,0.037383178
10,2017098,Idarubicin,0.837837838
10,2017098,Dasatinib,0.486956522
10,2017098,Ponatinib,0.486238532
10,2017098,Venetoclax,0.669565217
10,2017098,Navitoclax,0.630630631
10,2017098,Doxorubicin,0.401785714
10,2017098,Birinapant,0.19266055
10,2017098,Bortezomib,0.263157895
10,2017098,CB-103,0.364864865
10,2017098,Dexamethasone,0.407079646
10,2017098,Cytarabine,0.330357143
10,2017098,Etoposide,0.446601942
10,2017098,Methotrexate,1
10,2017098,Selinexor,0.044642857
10,2017098,Vincristine,0.459459459
10,2017098,Nilotinib,0.31372549
10,2017098,Temsirolimus,0.28125
10,2017098,Bosutinib,0.182692308
10,2017098,Panobinostat,0.544642857
10,2017098,Trametinib,0.319587629
10,2017098,Ruxolitinib,1
10,2017098,Dinaciclib,0.548076923
10,2017098,A1331852,0.885416667
10,2017098,S-63845,0.8
10,2017098,Nelarabine,0.495327103
111,2021111,Venetoclax,0.495652174
111,2021111,Bortezomib,0.166666667
111,2021111,Birinapant,0.04587156
111,2021111,Cytarabine,0.053571429
111,2021111,Dexamethasone,0.840707965
111,2021111,Dinaciclib,0.076923077
111,2021111,Doxorubicin,0.125
111,2021111,Etoposide,0.077669903
111,2021111,Panobinostat,0.276785714
111,2021111,Selinexor,0.133928571
111,2021111,Vincristine,0.009009009
111,2021111,Trametinib,0.226804124
111,2021111,Ponatinib,0.009174312
111,2021111,Methotrexate,0.1875
111,2021111,Nelarabine,1
111,2021111,Temsirolimus,1
111,2021111,Nilotinib,0.058823529
111,2021111,A1331852,0.510416667
111,2021111,Bosutinib,0.028846154
111,2021111,Idarubicin,0.07027027
111,2021111,Navitoclax,0.045045045
111,2021111,Ruxolitinib,1
111,2021111,S-63845,0.4625
111,2021111,CB-103,0.067567568
111,2021111,Dasatinib,0.008695652
88,2018036,Venetoclax,0.017391304
88,2018036,Bortezomib,0.061403509
88,2018036,Birinapant,0.642201835
88,2018036,Cytarabine,0.196428571
88,2018036,Dasatinib,0.643478261
88,2018036,Dexamethasone,0.03539823
88,2018036,Dinaciclib,0.028846154
88,2018036,Doxorubicin,0.232142857
88,2018036,Etoposide,0.203883495
88,2018036,Idarubicin,0.075675676
88,2018036,Panobinostat,0.071428571
88,2018036,Ruxolitinib,0.132653061
88,2018036,Selinexor,0.321428571
88,2018036,Vincristine,0.36036036
90,2018073,Venetoclax,0.808695652
90,2018073,Bortezomib,0.105263158
90,2018073,Birinapant,0.568807339
90,2018073,Cytarabine,0.473214286
90,2018073,Dasatinib,1
90,2018073,Dexamethasone,0.557522124
90,2018073,Dinaciclib,0.086538462
90,2018073,Doxorubicin,0.839285714
90,2018073,Etoposide,0.776699029
90,2018073,Idarubicin,0.448648649
90,2018073,Panobinostat,0.723214286
90,2018073,Trametinib,1
90,2018073,Ruxolitinib,0.030612245
90,2018073,Selinexor,0.098214286
90,2018073,Vincristine,0.324324324
90,2018073,Navitoclax,0.009009009
104,2019025,Idarubicin,0.318918919
104,2019025,Venetoclax,0.8
104,2019025,Bortezomib,0.096491228
104,2019025,Birinapant,0.431192661
104,2019025,Cytarabine,0.205357143
104,2019025,Dasatinib,0.408695652
104,2019025,Dexamethasone,0.690265487
104,2019025,Etoposide,0.466019417
104,2019025,Panobinostat,0.035714286
104,2019025,Selinexor,0.5
104,2019025,Vincristine,0.054054054
65,2020012,Idarubicin,0.491891892
65,2020012,Bortezomib,0.122807018
65,2020012,Birinapant,0.027522936
65,2020012,Dexamethasone,0.460176991
65,2020012,Dinaciclib,0.355769231
65,2020012,Doxorubicin,0.919642857
65,2020012,Etoposide,0.650485437
65,2020012,Panobinostat,0.526785714
65,2020012,Ruxolitinib,1
65,2020012,Selinexor,0.4375
65,2020012,Vincristine,0.45045045
65,2020012,Dasatinib,1
65,2020012,Venetoclax,0.043478261
65,2020012,Cytarabine,0.598214286
65,2020012,Navitoclax,0.891891892
65,2020012,Trametinib,0.731958763
65,2020012,Ponatinib,0.71559633
65,2020012,Methotrexate,1
65,2020012,Nelarabine,1
65,2020012,Temsirolimus,1
65,2020012,A1331852,0.322916667
65,2020012,Nilotinib,0.088235294
65,2020012,Bosutinib,0.692307692
4,2020013,Idarubicin,0.459459459
4,2020013,Bortezomib,0.245614035
4,2020013,Birinapant,0.211009174
4,2020013,Dexamethasone,0.17699115
4,2020013,Dinaciclib,0.403846154
4,2020013,Doxorubicin,0.794642857
4,2020013,Etoposide,0.708737864
4,2020013,Panobinostat,0.366071429
4,2020013,Ruxolitinib,0.071428571
4,2020013,Selinexor,0.080357143
4,2020013,Vincristine,0.279279279
4,2020013,Dasatinib,0.182608696
4,2020013,Venetoclax,0.069565217
4,2020013,Cytarabine,0.392857143
4,2020013,Navitoclax,0.36036036
4,2020013,Trametinib,0.855670103
4,2020013,Ponatinib,0.513761468
4,2020013,Methotrexate,1
4,2020013,Nelarabine,0.822429907
4,2020013,Temsirolimus,0.90625
4,2020013,A1331852,0.59375
4,2020013,Nilotinib,0.196078431
4,2020013,Bosutinib,0.519230769
98,2020014,Nilotinib,0.225490196
98,2020014,Methotrexate,1
98,2020014,Idarubicin,0.281081081
98,2020014,Bortezomib,0.078947368
98,2020014,Navitoclax,0.882882883
98,2020014,Panobinostat,0.026785714
98,2020014,Etoposide,0.689320388
98,2020014,Doxorubicin,0.830357143
98,2020014,Dexamethasone,0.14159292
98,2020014,Dasatinib,0.452173913
98,2020014,Vincristine,0.108108108
98,2020014,Cytarabine,0.151785714
98,2020014,Venetoclax,0.139130435
98,2020014,Temsirolimus,0.083333333
98,2020014,Birinapant,0.321100917
98,2020014,Ruxolitinib,0.183673469
98,2020014,Trametinib,0.546391753
98,2020014,Selinexor,0.285714286
98,2020014,Dinaciclib,0.115384615
31,2020018,Idarubicin,0.848648649
31,2020018,Bortezomib,0.149122807
31,2020018,Birinapant,0.330275229
31,2020018,Dexamethasone,0.663716814
31,2020018,Dinaciclib,0.221153846
31,2020018,Doxorubicin,0.705357143
31,2020018,Etoposide,0.388349515
31,2020018,Panobinostat,0.053571429
31,2020018,Ruxolitinib,0.214285714
31,2020018,Selinexor,0.276785714
31,2020018,Vincristine,0.369369369
31,2020018,Dasatinib,0.495652174
31,2020018,Venetoclax,0.191304348
31,2020018,Cytarabine,0.464285714
31,2020018,Navitoclax,0.324324324
31,2020018,Trametinib,0.835051546
31,2020018,Ponatinib,0.321100917
31,2020018,Methotrexate,1
31,2020018,Nelarabine,0.308411215
31,2020018,Temsirolimus,0.854166667
31,2020018,A1331852,0.46875
31,2020018,Nilotinib,0.215686275
31,2020018,Bosutinib,0.798076923
97,2020023,Nilotinib,0.019607843
97,2020023,Methotrexate,0.177083333
97,2020023,Idarubicin,0.302702703
97,2020023,Bortezomib,0.00877193
97,2020023,Navitoclax,0.459459459
97,2020023,Panobinostat,0.151785714
97,2020023,Etoposide,0.417475728
97,2020023,Doxorubicin,0.330357143
97,2020023,Dexamethasone,0.327433628
97,2020023,Dasatinib,0.034782609
97,2020023,Vincristine,0.225225225
97,2020023,Cytarabine,0.035714286
97,2020023,Venetoclax,0.869565217
97,2020023,Temsirolimus,0.020833333
97,2020023,Birinapant,0.28440367
97,2020023,Ruxolitinib,0.040816327
97,2020023,Trametinib,0.030927835
97,2020023,Selinexor,0.089285714
97,2020023,Dinaciclib,0.346153846
34,2020027,Idarubicin,0.032432432
34,2020027,Bortezomib,0.201754386
34,2020027,Birinapant,0.532110092
34,2020027,Dexamethasone,0.123893805
34,2020027,Dinaciclib,0.134615385
34,2020027,Doxorubicin,0.598214286
34,2020027,Etoposide,0.262135922
34,2020027,Panobinostat,0.080357143
34,2020027,Ruxolitinib,1
34,2020027,Selinexor,0.517857143
34,2020027,Vincristine,0.036036036
34,2020027,Dasatinib,0.27826087
34,2020027,Venetoclax,0.373913043
34,2020027,Cytarabine,0.1875
34,2020027,Navitoclax,1
34,2020027,Trametinib,0.649484536
34,2020027,Ponatinib,0.311926606
34,2020027,Methotrexate,1
34,2020027,Nelarabine,0.065420561
34,2020027,Temsirolimus,0.041666667
34,2020027,A1331852,0.833333333
34,2020027,Nilotinib,0.176470588
34,2020027,Bosutinib,0.528846154
34,2020027,S-63845,0.4
116,2020045,Idarubicin,0.140540541
116,2020045,Bortezomib,0.456140351
116,2020045,Birinapant,0.541284404
116,2020045,Dexamethasone,0.300884956
116,2020045,Dinaciclib,0.682692308
116,2020045,Doxorubicin,0.678571429
116,2020045,Etoposide,0.32038835
116,2020045,Panobinostat,0.303571429
116,2020045,Ruxolitinib,1
116,2020045,Selinexor,0.232142857
116,2020045,Vincristine,0.648648649
116,2020045,Dasatinib,0.347826087
116,2020045,Venetoclax,0.539130435
116,2020045,Cytarabine,0.383928571
116,2020045,Navitoclax,0.558558559
116,2020045,Trametinib,1
116,2020045,Ponatinib,0.697247706
116,2020045,Methotrexate,1
116,2020045,Nelarabine,0.158878505
116,2020045,Temsirolimus,0.260416667
116,2020045,A1331852,0.197916667
116,2020045,Nilotinib,1
116,2020045,Bosutinib,0.163461538
48,2020043,Idarubicin,0.583783784
48,2020043,Bortezomib,0.719298246
48,2020043,Birinapant,0.247706422
48,2020043,Dexamethasone,0.539823009
48,2020043,Dinaciclib,0.692307692
48,2020043,Doxorubicin,0.642857143
48,2020043,Etoposide,0.563106796
48,2020043,Panobinostat,0.589285714
48,2020043,Ruxolitinib,0.173469388
48,2020043,Selinexor,0.401785714
48,2020043,Vincristine,1
48,2020043,Dasatinib,0.330434783
48,2020043,Venetoclax,0.339130435
48,2020043,Cytarabine,0.419642857
48,2020043,Navitoclax,0.783783784
48,2020043,Trametinib,0.670103093
48,2020043,Ponatinib,0.853211009
48,2020043,Methotrexate,1
48,2020043,Nelarabine,0.542056075
48,2020043,Temsirolimus,0.635416667
48,2020043,A1331852,0.5625
48,2020043,Nilotinib,0.147058824
48,2020043,Bosutinib,0.701923077
69,2020051,Idarubicin,0.664864865
69,2020051,Bortezomib,0.131578947
69,2020051,Birinapant,0.137614679
69,2020051,Dexamethasone,0.584070796
69,2020051,Dinaciclib,0.432692308
69,2020051,Doxorubicin,0.803571429
69,2020051,Etoposide,0.902912621
69,2020051,Panobinostat,0.169642857
69,2020051,Ruxolitinib,0.142857143
69,2020051,Selinexor,0.116071429
69,2020051,Vincristine,0.387387387
69,2020051,Dasatinib,0.539130435
69,2020051,Venetoclax,0.260869565
69,2020051,Cytarabine,0.508928571
69,2020051,Navitoclax,0.342342342
69,2020051,Trametinib,0.443298969
69,2020051,Ponatinib,0.504587156
69,2020051,Methotrexate,1
69,2020051,Nelarabine,0.196261682
69,2020051,Temsirolimus,0.71875
69,2020051,A1331852,0.729166667
69,2020051,Nilotinib,1
69,2020051,Bosutinib,0.288461538
69,2020051,S-63845,0.5
102,2021112,Idarubicin,0.108108108
102,2021112,Venetoclax,0.113043478
102,2021112,Bortezomib,0.596491228
102,2021112,Birinapant,0.513761468
102,2021112,Cytarabine,0.017857143
102,2021112,Dasatinib,0.173913043
102,2021112,Dexamethasone,0.230088496
102,2021112,Doxorubicin,0.017857143
102,2021112,Etoposide,0.145631068
102,2021112,Navitoclax,0.720720721
102,2021112,Panobinostat,0.044642857
102,2021112,Ponatinib,0.293577982
102,2021112,Selinexor,0.035714286
102,2021112,Bosutinib,0.384615385
102,2021112,Vincristine,0.063063063
102,2021112,Dinaciclib,0.778846154
102,2021112,Trametinib,0.18556701
102,2021112,Ruxolitinib,1
102,2021112,Methotrexate,1
102,2021112,Temsirolimus,0.03125
99,2021121,Idarubicin,0.956756757
99,2021121,Venetoclax,0.573913043
99,2021121,Bortezomib,0.631578947
99,2021121,Birinapant,0.183486239
99,2021121,Cytarabine,0.4375
99,2021121,Dasatinib,0.582608696
99,2021121,Dexamethasone,0.814159292
99,2021121,Doxorubicin,0.258928571
99,2021121,Etoposide,0.796116505
99,2021121,Navitoclax,0.927927928
99,2021121,Panobinostat,0.705357143
99,2021121,Ponatinib,0.440366972
99,2021121,Selinexor,0.910714286
99,2021121,Bosutinib,0.846153846
99,2021121,Vincristine,0.603603604
79,2021125,Idarubicin,0.918918919
79,2021125,Venetoclax,0.060869565
79,2021125,Bortezomib,0.289473684
79,2021125,Birinapant,0.688073394
79,2021125,Cytarabine,0.714285714
79,2021125,Dasatinib,1
79,2021125,Dexamethasone,0.628318584
79,2021125,Doxorubicin,0.758928571
79,2021125,Etoposide,0.757281553
79,2021125,Navitoclax,0.63963964
79,2021125,Panobinostat,0.741071429
79,2021125,Ponatinib,0.568807339
79,2021125,Selinexor,0.955357143
79,2021125,Bosutinib,1
79,2021125,Vincristine,0.837837838
79,2021125,Dinaciclib,0.423076923
79,2021125,Trametinib,1
79,2021125,Ruxolitinib,1
79,2021125,Methotrexate,0.208333333
79,2021125,Temsirolimus,0.875
119,2021126,Idarubicin,0.621621622
119,2021126,Venetoclax,0.026086957
119,2021126,Bortezomib,0.175438596
119,2021126,Birinapant,0.302752294
119,2021126,Cytarabine,0.571428571
119,2021126,Dasatinib,0.669565217
119,2021126,Dexamethasone,0.292035398
119,2021126,Doxorubicin,0.571428571
119,2021126,Etoposide,0.766990291
119,2021126,Navitoclax,0.612612613
119,2021126,Panobinostat,0.098214286
119,2021126,Ponatinib,0.52293578
119,2021126,Selinexor,0.392857143
119,2021126,Bosutinib,0.855769231
119,2021126,Vincristine,0.612612613
119,2021126,Dinaciclib,0.048076923
119,2021126,Trametinib,0.659793814
119,2021126,Ruxolitinib,0.255102041
119,2021126,Methotrexate,0.15625
119,2021126,Temsirolimus,0.541666667
92,2021131,Idarubicin,0.545945946
92,2021131,Venetoclax,0.87826087
92,2021131,Bortezomib,1
92,2021131,Birinapant,1
92,2021131,Cytarabine,0.794642857
92,2021131,Dasatinib,1
92,2021131,Dexamethasone,0.619469027
92,2021131,Doxorubicin,0.848214286
92,2021131,Etoposide,0.699029126
92,2021131,Navitoclax,1
92,2021131,Panobinostat,1
92,2021131,Ponatinib,1
92,2021131,Selinexor,0.616071429
92,2021131,Bosutinib,1
92,2021131,Vincristine,1
47,2021021,Idarubicin,0.475675676
47,2021021,Bortezomib,0.157894737
47,2021021,Birinapant,0.559633028
47,2021021,Dexamethasone,0.796460177
47,2021021,Dinaciclib,0.240384615
47,2021021,Doxorubicin,0.875
47,2021021,Etoposide,0.815533981
47,2021021,Panobinostat,0.517857143
47,2021021,Ruxolitinib,1
47,2021021,Selinexor,0.526785714
47,2021021,Vincristine,0.774774775
47,2021021,Dasatinib,0.530434783
47,2021021,Venetoclax,0.434782609
47,2021021,Cytarabine,0.517857143
47,2021021,Navitoclax,0.468468468
47,2021021,Trametinib,0.845360825
47,2021021,Ponatinib,0.559633028
47,2021021,Methotrexate,1
47,2021021,Nelarabine,0.093457944
47,2021021,Temsirolimus,0.479166667
47,2021021,A1331852,0.770833333
47,2021021,Nilotinib,1
47,2021021,Bosutinib,1
47,2021021,S-63845,0.1875
109,2021037,Idarubicin,0.102702703
109,2021037,Venetoclax,0.47826087
109,2021037,Bortezomib,0.026315789
109,2021037,Birinapant,0.082568807
109,2021037,Cytarabine,0.6875
109,2021037,Dasatinib,0.095652174
109,2021037,Dexamethasone,0.150442478
109,2021037,Doxorubicin,0.767857143
109,2021037,Etoposide,0.378640777
109,2021037,Navitoclax,0.036036036
109,2021037,Panobinostat,0.794642857
109,2021037,Ponatinib,0.816513761
109,2021037,Selinexor,0.732142857
109,2021037,Bosutinib,0.451923077
109,2021037,Vincristine,0.486486486
109,2021037,Dinaciclib,0.903846154
109,2021037,Trametinib,0.804123711
109,2021037,Ruxolitinib,0.081632653
109,2021037,Methotrexate,0.083333333
109,2021037,Temsirolimus,1
109,2021037,Nilotinib,0.009803922
109,2021037,Nelarabine,0.046728972
109,2021037,A1331852,0.010416667
109,2021037,S-63845,0.3125
125,2021041,Idarubicin,0.540540541
125,2021041,Bortezomib,0.754385965
125,2021041,Birinapant,0.651376147
125,2021041,Dexamethasone,0.203539823
125,2021041,Dinaciclib,0.538461538
125,2021041,Doxorubicin,0.410714286
125,2021041,Etoposide,0.359223301
125,2021041,Panobinostat,0.017857143
125,2021041,Ruxolitinib,0.06122449
125,2021041,Selinexor,0.428571429
125,2021041,Vincristine,0.585585586
125,2021041,Dasatinib,0.191304348
125,2021041,Venetoclax,0.460869565
125,2021041,Cytarabine,0.375
125,2021041,Navitoclax,0.333333333
125,2021041,Trametinib,0.690721649
125,2021041,Ponatinib,0.633027523
125,2021041,Methotrexate,1
125,2021041,Nelarabine,0.299065421
125,2021041,Temsirolimus,0.166666667
125,2021041,A1331852,0.260416667
125,2021041,Nilotinib,1
125,2021041,Bosutinib,0.471153846
87,2021045,Idarubicin,0.713513514
87,2021045,Bortezomib,0.394736842
87,2021045,Birinapant,0.009174312
87,2021045,Dexamethasone,1
87,2021045,Dinaciclib,0.192307692
87,2021045,Doxorubicin,0.928571429
87,2021045,Etoposide,1
87,2021045,Panobinostat,0.642857143
87,2021045,Ruxolitinib,1
87,2021045,Selinexor,0.973214286
87,2021045,Vincristine,0.540540541
87,2021045,Dasatinib,0.652173913
87,2021045,Venetoclax,0.469565217
87,2021045,Cytarabine,0.705357143
87,2021045,Navitoclax,0.315315315
87,2021045,Trametinib,0.81443299
87,2021045,Ponatinib,0.403669725
87,2021045,Methotrexate,1
87,2021045,Nelarabine,0.289719626
87,2021045,Temsirolimus,0.791666667
87,2021045,A1331852,0.8125
87,2021045,Nilotinib,1
87,2021045,Bosutinib,0.326923077
87,2021045,S-63845,0.65
82,2021072,Idarubicin,0.237837838
82,2021072,Dasatinib,0.660869565
82,2021072,Ponatinib,0.788990826
82,2021072,Venetoclax,0.408695652
82,2021072,Navitoclax,0.567567568
82,2021072,Doxorubicin,0.482142857
82,2021072,Birinapant,1
82,2021072,Bortezomib,0.587719298
82,2021072,CB-103,1
82,2021072,Dexamethasone,1
82,2021072,Cytarabine,0.723214286
82,2021072,Etoposide,0.242718447
82,2021072,Methotrexate,1
82,2021072,Selinexor,0.785714286
82,2021072,Vincristine,0.846846847
82,2021072,Nilotinib,1
82,2021072,Temsirolimus,0.364583333
82,2021072,Bosutinib,0.567307692
82,2021072,Panobinostat,0.473214286
82,2021072,Trametinib,0.742268041
82,2021072,Ruxolitinib,1
82,2021072,Dinaciclib,0.721153846
82,2021072,A1331852,0.21875
82,2021072,S-63845,0.6875
82,2021072,Nelarabine,0.271028037
95,2021082,Idarubicin,0.421621622
95,2021082,Bortezomib,0.403508772
95,2021082,Birinapant,0.486238532
95,2021082,Dexamethasone,0.469026549
95,2021082,Dinaciclib,0.471153846
95,2021082,Doxorubicin,0.580357143
95,2021082,Etoposide,0.59223301
95,2021082,Panobinostat,0.125
95,2021082,Ruxolitinib,1
95,2021082,Selinexor,0.366071429
95,2021082,Vincristine,0.315315315
95,2021082,Dasatinib,0.67826087
95,2021082,Venetoclax,0.295652174
95,2021082,Cytarabine,0.535714286
95,2021082,Navitoclax,0.243243243
95,2021082,Trametinib,0.618556701
95,2021082,Ponatinib,0.605504587
95,2021082,Methotrexate,1
95,2021082,Nelarabine,0.598130841
95,2021082,Temsirolimus,0.197916667
95,2021082,A1331852,0.572916667
95,2021082,Nilotinib,1
95,2021082,Bosutinib,0.394230769
95,2021082,S-63845,0.4375
117,2021086,Idarubicin,0.924324324
117,2021086,Venetoclax,0.382608696
117,2021086,Bortezomib,0.114035088
117,2021086,Birinapant,0.376146789
117,2021086,Cytarabine,0.455357143
117,2021086,Dasatinib,0.243478261
117,2021086,Dexamethasone,0.743362832
117,2021086,Dinaciclib,0.201923077
117,2021086,Doxorubicin,0.696428571
117,2021086,Etoposide,0.786407767
117,2021086,Navitoclax,0.828828829
117,2021086,Panobinostat,0.116071429
117,2021086,Ruxolitinib,0.12244898
117,2021086,Selinexor,0.625
117,2021086,Bosutinib,0.557692308
117,2021086,Vincristine,0.234234234
117,2021086,Trametinib,0.309278351
117,2021086,Ponatinib,0.128440367
117,2021086,Methotrexate,1
117,2021086,Temsirolimus,0.802083333
117,2021086,A1331852,0.864583333
117,2021086,Nilotinib,0.166666667
117,2021086,Nelarabine,0.570093458
117,2021086,S-63845,1
123,2021088,Idarubicin,0.064864865
123,2021088,Venetoclax,0.252173913
123,2021088,Bortezomib,0.043859649
123,2021088,Birinapant,0.128440367
123,2021088,Cytarabine,0.089285714
123,2021088,Dasatinib,0.591304348
123,2021088,Dexamethasone,0.849557522
123,2021088,Dinaciclib,0.163461538
123,2021088,Doxorubicin,0.151785714
123,2021088,Etoposide,0.300970874
123,2021088,Navitoclax,0.279279279
123,2021088,Panobinostat,0.107142857
123,2021088,Ruxolitinib,0.193877551
123,2021088,Selinexor,0.580357143
123,2021088,Bosutinib,0.317307692
123,2021088,Vincristine,0.216216216
123,2021088,Trametinib,0.278350515
123,2021088,Ponatinib,0.082568807
123,2021088,Methotrexate,1
123,2021088,Temsirolimus,0.5
123,2021088,A1331852,0.291666667
123,2021088,Nilotinib,1
123,2021088,Nelarabine,0.168224299
118,2021089,Idarubicin,0.854054054
118,2021089,Venetoclax,0.756521739
118,2021089,Bortezomib,0.140350877
118,2021089,Birinapant,0.706422018
118,2021089,Cytarabine,0.776785714
118,2021089,Dasatinib,0.460869565
118,2021089,Dexamethasone,0.380530973
118,2021089,Dinaciclib,0.413461538
118,2021089,Doxorubicin,0.8125
118,2021089,Etoposide,0.86407767
118,2021089,Navitoclax,0.171171171
118,2021089,Panobinostat,0.0625
118,2021089,Ruxolitinib,1
118,2021089,Selinexor,0.375
118,2021089,Bosutinib,0.307692308
118,2021089,Vincristine,0.333333333
118,2021089,Trametinib,0.515463918
118,2021089,Ponatinib,0.366972477
118,2021089,Methotrexate,1
118,2021089,Temsirolimus,0.770833333
118,2021089,A1331852,0.03125
118,2021089,Nilotinib,0.264705882
118,2021089,Nelarabine,0.214953271
60,2021092,Idarubicin,0.897297297
60,2021092,Venetoclax,0.156521739
60,2021092,Bortezomib,0.324561404
60,2021092,Birinapant,0.064220183
60,2021092,Cytarabine,0.5
60,2021092,Dasatinib,0.72173913
60,2021092,Dexamethasone,1
60,2021092,Dinaciclib,0.182692308
60,2021092,Doxorubicin,0.3125
60,2021092,Etoposide,0.72815534
60,2021092,Navitoclax,0.513513514
60,2021092,Panobinostat,0.464285714
60,2021092,Ruxolitinib,1
60,2021092,Selinexor,0.723214286
60,2021092,Bosutinib,0.480769231
60,2021092,Vincristine,0.54954955
60,2021092,Trametinib,0.463917526
60,2021092,Ponatinib,0.23853211
60,2021092,Methotrexate,1
60,2021092,Temsirolimus,1
60,2021092,A1331852,0.760416667
60,2021092,Nilotinib,0.137254902
60,2021092,Nelarabine,1
80,2021097,Idarubicin,0.67027027
80,2021097,Venetoclax,0.217391304
80,2021097,Bortezomib,0.01754386
80,2021097,Birinapant,0.366972477
80,2021097,Cytarabine,0.133928571
80,2021097,Dasatinib,0.060869565
80,2021097,Dexamethasone,0.336283186
80,2021097,Dinaciclib,0.038461538
80,2021097,Doxorubicin,0.044642857
80,2021097,Etoposide,0.310679612
80,2021097,Navitoclax,0.27027027
80,2021097,Panobinostat,0.133928571
80,2021097,Ruxolitinib,0.051020408
80,2021097,Selinexor,0.160714286
80,2021097,Bosutinib,0.769230769
80,2021097,Vincristine,0.63963964
80,2021097,Trametinib,0.24742268
80,2021097,Ponatinib,0.055045872
80,2021097,Methotrexate,1
80,2021097,Temsirolimus,0.1875
80,2021097,Nilotinib,0.323529412
80,2021097,Nelarabine,0.579439252
80,2021097,A1331852,0.302083333
80,2021097,S-63845,0.0125
122,2022007,Idarubicin,0.940540541
122,2022007,Bortezomib,0.701754386
122,2022007,Etoposide,0.854368932
122,2022007,Dasatinib,0.513043478
122,2022007,Ponatinib,0.422018349
122,2022007,Venetoclax,0.269565217
122,2022007,Navitoclax,0.288288288
122,2022007,Nelarabine,0.785046729
127,2022019,Idarubicin,0.097297297
127,2022019,Venetoclax,0.791304348
127,2022019,Bortezomib,0.228070175
127,2022019,Birinapant,0.119266055
127,2022019,Cytarabine,0.044642857
127,2022019,Dasatinib,0.12173913
127,2022019,Dexamethasone,0.238938053
127,2022019,Doxorubicin,0.116071429
127,2022019,Etoposide,0.087378641
127,2022019,Navitoclax,0.495495495
127,2022019,Panobinostat,0.142857143
127,2022019,Ponatinib,0.229357798
127,2022019,Selinexor,0.357142857
127,2022019,Bosutinib,0.759615385
127,2022019,Vincristine,0.027027027
127,2022019,Dinaciclib,0.057692308
127,2022019,Trametinib,0.288659794
127,2022019,Ruxolitinib,0.204081633
127,2022019,Methotrexate,1
127,2022019,Temsirolimus,0.125
127,2022019,Nilotinib,0.078431373
127,2022019,Nelarabine,0.560747664
127,2022019,A1331852,0.270833333
127,2022019,S-63845,0.425
108,2022021,Idarubicin,0.794594595
108,2022021,Venetoclax,0.582608696
108,2022021,Bortezomib,0.464912281
108,2022021,Birinapant,0.52293578
108,2022021,Cytarabine,0.482142857
108,2022021,Dasatinib,0.617391304
108,2022021,Dexamethasone,0.566371681
108,2022021,Doxorubicin,0.6875
108,2022021,Etoposide,0.844660194
108,2022021,Navitoclax,0.306306306
108,2022021,Panobinostat,0.508928571
108,2022021,Ponatinib,0.587155963
108,2022021,Selinexor,0.866071429
108,2022021,Bosutinib,1
108,2022021,Vincristine,0.810810811
108,2022021,Dinaciclib,0.019230769
108,2022021,Trametinib,0.701030928
108,2022021,Ruxolitinib,1
108,2022021,Methotrexate,1
108,2022021,Temsirolimus,0.78125
108,2022021,Nilotinib,0.156862745
106,2022045,Idarubicin,0.962162162
106,2022045,Dasatinib,1
106,2022045,Nilotinib,1
106,2022045,Dexamethasone,0.699115044
106,2022045,Venetoclax,0.92173913
106,2022045,Navitoclax,1
106,2022045,Ponatinib,1
106,2022045,Selinexor,0.964285714
106,2022045,Vincristine,1
106,2022045,Doxorubicin,0.866071429
106,2022045,Cytarabine,1
106,2022045,Bortezomib,1
106,2022045,Panobinostat,1
106,2022045,Birinapant,1
106,2022045,Dinaciclib,1
121,2022046,Idarubicin,0.886486486
121,2022046,Dasatinib,0.313043478
121,2022046,Nilotinib,1
121,2022046,Dexamethasone,0.752212389
121,2022046,Venetoclax,0.773913043
121,2022046,Navitoclax,0.846846847
121,2022046,Ponatinib,0.688073394
121,2022046,Selinexor,0.9375
121,2022046,Vincristine,0.702702703
121,2022046,Doxorubicin,0.544642857
121,2022046,Cytarabine,0.607142857
121,2022046,Bortezomib,0.666666667
121,2022046,Panobinostat,0.866071429
121,2022046,Birinapant,0.697247706
121,2022046,Dinaciclib,0.865384615
84,2022047,Idarubicin,0.805405405
84,2022047,Dasatinib,1
84,2022047,Nilotinib,1
84,2022047,Dexamethasone,1
84,2022047,Venetoclax,1
84,2022047,Navitoclax,1
84,2022047,Ponatinib,1
84,2022047,Selinexor,0.821428571
84,2022047,Vincristine,1
84,2022047,Doxorubicin,0.25
84,2022047,Cytarabine,0.946428571
84,2022047,Bortezomib,1
84,2022047,Panobinostat,1
84,2022047,Birinapant,1
84,2022047,Dinaciclib,1
120,2022052,Idarubicin,0.72972973
120,2022052,Dasatinib,0.382608696
120,2022052,Nilotinib,1
120,2022052,Dexamethasone,0.433628319
120,2022052,Venetoclax,0.782608696
120,2022052,Navitoclax,0.756756757
120,2022052,Ponatinib,0.76146789
120,2022052,Selinexor,0.633928571
120,2022052,Vincristine,0.675675676
120,2022052,Doxorubicin,0.535714286
120,2022052,Cytarabine,0.580357143
120,2022052,Bortezomib,0.789473684
120,2022052,Panobinostat,0.8125
120,2022052,Birinapant,1
120,2022052,Dinaciclib,0.75
72,2022053,Idarubicin,0.87027027
72,2022053,Dasatinib,0.713043478
72,2022053,Nilotinib,0.098039216
72,2022053,Dexamethasone,0.610619469
72,2022053,Venetoclax,0.904347826
72,2022053,Navitoclax,0.81981982
72,2022053,Ponatinib,1
72,2022053,Selinexor,0.901785714
72,2022053,Vincristine,1
72,2022053,Doxorubicin,0.964285714
72,2022053,Cytarabine,0.642857143
72,2022053,Bortezomib,0.684210526
72,2022053,Panobinostat,1
72,2022053,Birinapant,1
72,2022053,Dinaciclib,0.855769231
114,2000340,Idarubicin,0.681081081
114,2000340,Dasatinib,1
114,2000340,Ponatinib,0.137614679
114,2000340,Venetoclax,0.330434783
114,2000340,Navitoclax,0.486486486
114,2000340,Doxorubicin,0.660714286
114,2000340,Birinapant,0.256880734
114,2000340,Bortezomib,0.51754386
114,2000340,CB-103,0.297297297
114,2000340,Dexamethasone,0.345132743
114,2000340,Cytarabine,0.660714286
114,2000340,Etoposide,0.611650485
114,2000340,Methotrexate,1
114,2000340,Selinexor,0.839285714
114,2000340,Vincristine,0.351351351
114,2000340,Nilotinib,1
114,2000340,Temsirolimus,0.375
114,2000340,Bosutinib,0.490384615
114,2000340,Panobinostat,0.714285714
114,2000340,Trametinib,0.092783505
114,2000340,Ruxolitinib,1
114,2000340,Dinaciclib,0.759615385
114,2000340,A1331852,0.697916667
114,2000340,S-63845,0.275
114,2000340,Nelarabine,0.691588785
38,2000236,Idarubicin,0.767567568
38,2000236,Dasatinib,1
38,2000236,Ponatinib,0.28440367
38,2000236,Venetoclax,0.4
38,2000236,Navitoclax,0.189189189
38,2000236,Doxorubicin,0.553571429
38,2000236,Birinapant,0.055045872
38,2000236,Bortezomib,0.377192982
38,2000236,CB-103,0.418918919
38,2000236,Dexamethasone,0.707964602
38,2000236,Cytarabine,0.616071429
38,2000236,Etoposide,0.572815534
38,2000236,Methotrexate,1
38,2000236,Selinexor,0.598214286
38,2000236,Vincristine,0.468468468
38,2000236,Nilotinib,0.254901961
38,2000236,Temsirolimus,0.34375
38,2000236,Bosutinib,0.336538462
38,2000236,Panobinostat,0.669642857
38,2000236,Trametinib,0.06185567
38,2000236,Ruxolitinib,1
38,2000236,Dinaciclib,0.576923077
38,2000236,A1331852,0.166666667
38,2000236,S-63845,0.2875
38,2000236,Nelarabine,0.803738318
86,2000373,Idarubicin,0.010810811
86,2000373,Dasatinib,1
86,2000373,Nilotinib,1
86,2000373,Venetoclax,0.034782609
86,2000373,Navitoclax,0.027027027
86,2000373,Ponatinib,0.036697248
86,2000373,Dexamethasone,0.601769912
86,2000373,Vincristine,0.081081081
86,2000373,Cytarabine,0.285714286
86,2000373,Doxorubicin,0.955357143
86,2000373,Selinexor,0.508928571
86,2000373,Bortezomib,0.087719298
86,2000373,Panobinostat,0.089285714
86,2000373,Bosutinib,0.375
58,2000382,Idarubicin,0.027027027
58,2000382,Dasatinib,0.286956522
58,2000382,Nilotinib,1
58,2000382,Venetoclax,0.07826087
58,2000382,Navitoclax,0.018018018
58,2000382,Ponatinib,0.027522936
58,2000382,Dexamethasone,0.522123894
58,2000382,Vincristine,0.018018018
58,2000382,Cytarabine,0.669642857
58,2000382,Doxorubicin,0.035714286
58,2000382,Selinexor,0.5625
58,2000382,Bortezomib,0.543859649
58,2000382,Panobinostat,0.178571429
58,2000382,Bosutinib,0.144230769
73,2000061,Idarubicin,0.27027027
73,2000061,Dasatinib,0.417391304
73,2000061,Ponatinib,0.642201835
73,2000061,Venetoclax,0.652173913
73,2000061,Navitoclax,0.225225225
73,2000061,Doxorubicin,0.473214286
73,2000061,Birinapant,1
73,2000061,Bortezomib,0.552631579
73,2000061,CB-103,1
73,2000061,Dexamethasone,0.10619469
73,2000061,Cytarabine,0.892857143
73,2000061,Etoposide,0.330097087
73,2000061,Methotrexate,1
73,2000061,Selinexor,0.482142857
73,2000061,Vincristine,1
73,2000061,Nilotinib,1
73,2000061,Temsirolimus,0.59375
73,2000061,Bosutinib,0.509615385
73,2000061,Panobinostat,0.330357143
73,2000061,Trametinib,1
73,2000061,Ruxolitinib,1
73,2000061,Dinaciclib,0.096153846
73,2000061,A1331852,0.041666667
73,2000061,S-63845,0.125
73,2000061,Nelarabine,0.14953271
100,2017133,Idarubicin,0.118918919
100,2017133,Dasatinib,0.704347826
100,2017133,Nilotinib,1
100,2017133,Venetoclax,0.391304348
100,2017133,Navitoclax,0.063063063
100,2017133,Ponatinib,0.119266055
100,2017133,Dexamethasone,0.778761062
100,2017133,Vincristine,0.621621622
100,2017133,Cytarabine,0.741071429
100,2017133,Doxorubicin,0.214285714
100,2017133,Selinexor,0.607142857
100,2017133,Bortezomib,0.50877193
100,2017133,Panobinostat,0.4375
100,2017133,Bosutinib,0.615384615
128,2017136,Idarubicin,0.081081081
128,2017136,Dasatinib,0.026086957
128,2017136,Nilotinib,1
128,2017136,Venetoclax,0.182608696
128,2017136,Navitoclax,0.369369369
128,2017136,Ponatinib,0.064220183
128,2017136,Dexamethasone,0.008849558
128,2017136,Vincristine,0.045045045
128,2017136,Cytarabine,0.008928571
128,2017136,Doxorubicin,0.1875
128,2017136,Selinexor,0.026785714
128,2017136,Bortezomib,0.070175439
128,2017136,Panobinostat,0.160714286
128,2017136,Bosutinib,0.038461538
16,2017144,Idarubicin,0.524324324
16,2017144,Selinexor,0.928571429
16,2017144,Bortezomib,0.035087719
16,2017144,Dexamethasone,0.159292035
16,2017144,Vincristine,0.288288288
16,2017144,Doxorubicin,0.857142857
16,2017144,Cytarabine,0.785714286
16,2017144,Venetoclax,0.243478261
16,2017144,Dinaciclib,0.067307692
16,2017144,Panobinostat,0.571428571
16,2017144,Birinapant,1
16,2017144,Dasatinib,1
16,2017144,Etoposide,0.640776699
16,2017144,Temsirolimus,0.760416667
26,2000146,Idarubicin,0.259459459
26,2000146,Dasatinib,0.365217391
26,2000146,Ponatinib,0.733944954
26,2000146,Venetoclax,0.686956522
26,2000146,Navitoclax,0.594594595
26,2000146,Doxorubicin,0.383928571
26,2000146,Birinapant,1
26,2000146,Bortezomib,0.649122807
26,2000146,CB-103,0.378378378
26,2000146,Dexamethasone,0.309734513
26,2000146,Cytarabine,0.446428571
26,2000146,Etoposide,0.291262136
26,2000146,Methotrexate,1
26,2000146,Selinexor,0.696428571
26,2000146,Vincristine,0.801801802
26,2000146,Nilotinib,1
26,2000146,Temsirolimus,0.4375
26,2000146,Bosutinib,0.778846154
26,2000146,Panobinostat,0.633928571
26,2000146,Trametinib,0.484536082
26,2000146,Ruxolitinib,1
26,2000146,Dinaciclib,0.663461538
26,2000146,A1331852,0.520833333
26,2000146,S-63845,0.4875
26,2000146,Nelarabine,0.373831776
55,2000159,Idarubicin,0.702702703
55,2000159,Dasatinib,0.565217391
55,2000159,Ponatinib,0.110091743
55,2000159,Venetoclax,0.52173913
55,2000159,Navitoclax,0.666666667
55,2000159,Doxorubicin,0.946428571
55,2000159,Birinapant,0.100917431
55,2000159,Bortezomib,0.447368421
55,2000159,CB-103,1
55,2000159,Dexamethasone,0.283185841
55,2000159,Cytarabine,0.803571429
55,2000159,Etoposide,1
55,2000159,Methotrexate,1
55,2000159,Selinexor,0.767857143
55,2000159,Vincristine,0.558558559
55,2000159,Nilotinib,1
55,2000159,Temsirolimus,0.708333333
55,2000159,Bosutinib,0.461538462
55,2000159,Panobinostat,0.785714286
55,2000159,Trametinib,0.680412371
55,2000159,Ruxolitinib,1
55,2000159,Dinaciclib,0.490384615
55,2000159,A1331852,0.90625
55,2000159,S-63845,0.325
55,2000159,Nelarabine,0.130841121
57,2000164,Idarubicin,0.502702703
57,2000164,Dasatinib,0.686956522
57,2000164,Ponatinib,0.844036697
57,2000164,Venetoclax,0.417391304
57,2000164,Navitoclax,0.702702703
57,2000164,Doxorubicin,0.464285714
57,2000164,Birinapant,0.678899083
57,2000164,Bortezomib,0.842105263
57,2000164,CB-103,0.527027027
57,2000164,Dexamethasone,0.82300885
57,2000164,Cytarabine,0.901785714
57,2000164,Etoposide,0.621359223
57,2000164,Methotrexate,1
57,2000164,Selinexor,0.741071429
57,2000164,Vincristine,0.792792793
57,2000164,Nilotinib,1
57,2000164,Temsirolimus,0.416666667
57,2000164,Bosutinib,0.653846154
57,2000164,Panobinostat,0.758928571
57,2000164,Trametinib,0.402061856
57,2000164,Ruxolitinib,0.234693878
57,2000164,Dinaciclib,0.557692308
57,2000164,A1331852,0.3125
57,2000164,S-63845,0.675
57,2000164,Nelarabine,0.327102804
53,2000168,Idarubicin,0.789189189
53,2000168,Dasatinib,0.32173913
53,2000168,Ponatinib,0.449541284
53,2000168,Venetoclax,0.617391304
53,2000168,Navitoclax,0.54954955
53,2000168,Doxorubicin,0.366071429
53,2000168,Birinapant,0.174311927
53,2000168,Bortezomib,0.219298246
53,2000168,CB-103,0.351351351
53,2000168,Dexamethasone,0.442477876
53,2000168,Cytarabine,0.3125
53,2000168,Etoposide,0.475728155
53,2000168,Methotrexate,1
53,2000168,Selinexor,0.241071429
53,2000168,Vincristine,0.504504505
53,2000168,Nilotinib,0.18627451
53,2000168,Temsirolimus,0.177083333
53,2000168,Bosutinib,0.076923077
53,2000168,Panobinostat,0.321428571
53,2000168,Trametinib,0.793814433
53,2000168,Ruxolitinib,1
53,2000168,Dinaciclib,0.307692308
53,2000168,A1331852,0.822916667
53,2000168,S-63845,0.7125
53,2000168,Nelarabine,0.392523364
33,2000199,Idarubicin,0.572972973
33,2000199,Dasatinib,0.6
33,2000199,Ponatinib,0.779816514
33,2000199,Venetoclax,0.504347826
33,2000199,Navitoclax,0.738738739
33,2000199,Doxorubicin,0.5625
33,2000199,Birinapant,0.275229358
33,2000199,Bortezomib,0.815789474
33,2000199,CB-103,1
33,2000199,Dexamethasone,0.371681416
33,2000199,Cytarabine,0.928571429
33,2000199,Etoposide,0.834951456
33,2000199,Methotrexate,1
33,2000199,Selinexor,0.446428571
33,2000199,Vincristine,0.711711712
33,2000199,Nilotinib,1
33,2000199,Temsirolimus,0.322916667
33,2000199,Bosutinib,0.817307692
33,2000199,Panobinostat,0.767857143
33,2000199,Trametinib,0.432989691
33,2000199,Ruxolitinib,1
33,2000199,Dinaciclib,0.769230769
33,2000199,A1331852,0.447916667
33,2000199,S-63845,0.6375
33,2000199,Nelarabine,0.401869159
13,2000241,Idarubicin,0.816216216
13,2000241,Dasatinib,0.556521739
13,2000241,Ponatinib,0.706422018
13,2000241,Venetoclax,0.226086957
13,2000241,Navitoclax,0.387387387
13,2000241,Doxorubicin,0.723214286
13,2000241,Birinapant,0.165137615
13,2000241,Bortezomib,0.570175439
13,2000241,CB-103,0.445945946
13,2000241,Dexamethasone,1
13,2000241,Cytarabine,0.839285714
13,2000241,Etoposide,0.601941748
13,2000241,Methotrexate,1
13,2000241,Selinexor,0.294642857
13,2000241,Vincristine,1
13,2000241,Nilotinib,1
13,2000241,Temsirolimus,0.604166667
13,2000241,Bosutinib,1
13,2000241,Panobinostat,0.75
13,2000241,Trametinib,0.422680412
13,2000241,Ruxolitinib,1
13,2000241,Dinaciclib,0.788461538
13,2000241,A1331852,0.677083333
13,2000241,S-63845,0.55
13,2000241,Nelarabine,0.514018692
27,2000350,Idarubicin,0.254054054
27,2000350,Dasatinib,1
27,2000350,Ponatinib,0.47706422
27,2000350,Venetoclax,0.591304348
27,2000350,Navitoclax,0.198198198
27,2000350,Doxorubicin,0.178571429
27,2000350,Birinapant,0.357798165
27,2000350,Bortezomib,0.280701754
27,2000350,CB-103,1
27,2000350,Dexamethasone,0.132743363
27,2000350,Cytarabine,0.910714286
27,2000350,Etoposide,0.45631068
27,2000350,Methotrexate,1
27,2000350,Selinexor,0.464285714
27,2000350,Vincristine,0.522522523
27,2000350,Nilotinib,1
27,2000350,Temsirolimus,0.520833333
27,2000350,Bosutinib,0.586538462
27,2000350,Panobinostat,0.491071429
27,2000350,Trametinib,0.134020619
27,2000350,Ruxolitinib,1
27,2000350,Dinaciclib,0.375
27,2000350,A1331852,0.15625
27,2000350,S-63845,0.7
27,2000350,Nelarabine,0.345794393
63,2000351,Idarubicin,0.827027027
63,2000351,Dasatinib,0.573913043
63,2000351,Ponatinib,0.862385321
63,2000351,Venetoclax,0.895652174
63,2000351,Navitoclax,0.801801802
63,2000351,Doxorubicin,0.633928571
63,2000351,Birinapant,1
63,2000351,Bortezomib,0.850877193
63,2000351,CB-103,1
63,2000351,Dexamethasone,0.495575221
63,2000351,Cytarabine,0.678571429
63,2000351,Etoposide,0.941747573
63,2000351,Methotrexate,1
63,2000351,Selinexor,0.758928571
63,2000351,Vincristine,0.765765766
63,2000351,Nilotinib,1
63,2000351,Temsirolimus,0.572916667
63,2000351,Bosutinib,0.836538462
63,2000351,Panobinostat,0.803571429
63,2000351,Trametinib,0.505154639
63,2000351,Ruxolitinib,1
63,2000351,Dinaciclib,0.673076923
63,2000351,A1331852,0.385416667
63,2000351,S-63845,0.7375
63,2000351,Nelarabine,0.775700935
12,2000357,Idarubicin,0.291891892
12,2000357,Dasatinib,1
12,2000357,Ponatinib,0.256880734
12,2000357,Venetoclax,0.834782609
12,2000357,Navitoclax,0.540540541
12,2000357,Doxorubicin,0.589285714
12,2000357,Birinapant,0.394495413
12,2000357,Bortezomib,0.526315789
12,2000357,CB-103,1
12,2000357,Dexamethasone,0.07079646
12,2000357,Cytarabine,0.633928571
12,2000357,Etoposide,0.504854369
12,2000357,Methotrexate,1
12,2000357,Selinexor,0.535714286
12,2000357,Vincristine,0.441441441
12,2000357,Nilotinib,1
12,2000357,Temsirolimus,1
12,2000357,Bosutinib,0.576923077
12,2000357,Panobinostat,0.5625
12,2000357,Trametinib,0.268041237
12,2000357,Ruxolitinib,1
12,2000357,Dinaciclib,0.384615385
12,2000357,A1331852,0.71875
12,2000357,S-63845,0.5
12,2000357,Nelarabine,0.46728972
39,2000362,Idarubicin,0.221621622
39,2000362,Dasatinib,0.391304348
39,2000362,Ponatinib,0.467889908
39,2000362,Venetoclax,0.095652174
39,2000362,Navitoclax,0.126126126
39,2000362,Doxorubicin,0.294642857
39,2000362,Birinapant,0.71559633
39,2000362,Bortezomib,0.48245614
39,2000362,CB-103,1
39,2000362,Dexamethasone,0.274336283
39,2000362,Cytarabine,0.589285714
39,2000362,Etoposide,0.398058252
39,2000362,Methotrexate,1
39,2000362,Selinexor,0.571428571
39,2000362,Vincristine,0.432432432
39,2000362,Nilotinib,1
39,2000362,Temsirolimus,0.229166667
39,2000362,Bosutinib,0.25
39,2000362,Panobinostat,0.392857143
39,2000362,Trametinib,0.340206186
39,2000362,Ruxolitinib,1
39,2000362,Dinaciclib,0.336538462
39,2000362,A1331852,0.40625
39,2000362,S-63845,0.2375
39,2000362,Nelarabine,0.457943925
50,2000375,Idarubicin,0.248648649
50,2000375,Dasatinib,0.547826087
50,2000375,Ponatinib,0.458715596
50,2000375,Venetoclax,0.6
50,2000375,Navitoclax,0.144144144
50,2000375,Doxorubicin,0.267857143
50,2000375,Birinapant,0.266055046
50,2000375,Bortezomib,0.307017544
50,2000375,CB-103,1
50,2000375,Dexamethasone,0.053097345
50,2000375,Cytarabine,0.339285714
50,2000375,Etoposide,0.252427184
50,2000375,Methotrexate,1
50,2000375,Selinexor,0.455357143
50,2000375,Vincristine,0.495495495
50,2000375,Nilotinib,1
50,2000375,Temsirolimus,0.40625
50,2000375,Bosutinib,0.173076923
50,2000375,Panobinostat,0.357142857
50,2000375,Trametinib,0.237113402
50,2000375,Ruxolitinib,1
50,2000375,Dinaciclib,0.461538462
50,2000375,A1331852,0.145833333
50,2000375,S-63845,0.625
50,2000375,Nelarabine,0.23364486
29,2000378,Idarubicin,0.335135135
29,2000378,Dasatinib,0.113043478
29,2000378,Ponatinib,0.385321101
29,2000378,Venetoclax,0.660869565
29,2000378,Navitoclax,0.441441441
29,2000378,Doxorubicin,0.419642857
29,2000378,Birinapant,0.449541284
29,2000378,Bortezomib,0.771929825
29,2000378,CB-103,0.202702703
29,2000378,Dexamethasone,0.194690265
29,2000378,Cytarabine,0.428571429
29,2000378,Etoposide,0.339805825
29,2000378,Methotrexate,1
29,2000378,Selinexor,0.3125
29,2000378,Vincristine,0.738738739
29,2000378,Nilotinib,0.205882353
29,2000378,Temsirolimus,0.15625
29,2000378,Bosutinib,0.269230769
29,2000378,Panobinostat,0.776785714
29,2000378,Trametinib,0.216494845
29,2000378,Ruxolitinib,1
29,2000378,Dinaciclib,0.605769231
29,2000378,A1331852,0.125
29,2000378,S-63845,0.525
29,2000378,Nelarabine,0.186915888
37,2000380,Idarubicin,0.372972973
37,2000380,Dasatinib,0.443478261
37,2000380,Ponatinib,0.550458716
37,2000380,Venetoclax,0.173913043
37,2000380,Navitoclax,0.396396396
37,2000380,Doxorubicin,0.303571429
37,2000380,Birinapant,0.504587156
37,2000380,Bortezomib,0.657894737
37,2000380,CB-103,0.432432432
37,2000380,Dexamethasone,0.168141593
37,2000380,Cytarabine,0.919642857
37,2000380,Etoposide,0.349514563
37,2000380,Methotrexate,1
37,2000380,Selinexor,0.1875
37,2000380,Vincristine,0.378378378
37,2000380,Nilotinib,1
37,2000380,Temsirolimus,0.291666667
37,2000380,Bosutinib,0.230769231
37,2000380,Panobinostat,0.25
37,2000380,Trametinib,0.587628866
37,2000380,Ruxolitinib,1
37,2000380,Dinaciclib,0.480769231
37,2000380,A1331852,0.5
37,2000380,S-63845,0.3625
37,2000380,Nelarabine,0.074766355
89,2000387,Idarubicin,0.740540541
89,2000387,Dasatinib,0.504347826
89,2000387,Ponatinib,0.623853211
89,2000387,Venetoclax,0.513043478
89,2000387,Navitoclax,0.504504505
89,2000387,Doxorubicin,0.5
89,2000387,Birinapant,0.422018349
89,2000387,Bortezomib,0.438596491
89,2000387,CB-103,1
89,2000387,Dexamethasone,0.548672566
89,2000387,Cytarabine,0.857142857
89,2000387,Etoposide,0.873786408
89,2000387,Methotrexate,1
89,2000387,Selinexor,0.660714286
89,2000387,Vincristine,0.27027027
89,2000387,Nilotinib,0.12745098
89,2000387,Temsirolimus,0.729166667
89,2000387,Bosutinib,0.644230769
89,2000387,Panobinostat,0.580357143
89,2000387,Trametinib,0.577319588
89,2000387,Ruxolitinib,1
89,2000387,Dinaciclib,0.509615385
89,2000387,A1331852,0.625
89,2000387,S-63845,0.6125
89,2000387,Nelarabine,0.317757009
9,2000389,Idarubicin,0.162162162
9,2000389,Dasatinib,0.2
9,2000389,Ponatinib,0.100917431
9,2000389,Venetoclax,0.313043478
9,2000389,Navitoclax,0.072072072
9,2000389,Doxorubicin,0.098214286
9,2000389,Birinapant,0.036697248
9,2000389,Bortezomib,0.184210526
9,2000389,CB-103,0.040540541
9,2000389,Dexamethasone,0.026548673
9,2000389,Cytarabine,0.116071429
9,2000389,Etoposide,0.009708738
9,2000389,Methotrexate,0.03125
9,2000389,Selinexor,0.0625
9,2000389,Vincristine,0.117117117
9,2000389,Nilotinib,0.068627451
9,2000389,Temsirolimus,0.010416667
9,2000389,Bosutinib,0.067307692
9,2000389,Panobinostat,0.196428571
9,2000389,Trametinib,0.010309278
9,2000389,Ruxolitinib,1
9,2000389,Dinaciclib,0.230769231
9,2000389,A1331852,0.135416667
9,2000389,S-63845,0.0375
9,2000389,Nelarabine,0.242990654
62,2000393,Idarubicin,0.2
62,2000393,Dasatinib,0.234782609
62,2000393,Ponatinib,0.247706422
62,2000393,Venetoclax,0.452173913
62,2000393,Navitoclax,0.405405405
62,2000393,Doxorubicin,0.142857143
62,2000393,Birinapant,0.091743119
62,2000393,Bortezomib,0.342105263
62,2000393,CB-103,0.054054054
62,2000393,Dexamethasone,0.044247788
62,2000393,Cytarabine,0.223214286
62,2000393,Etoposide,0.019417476
62,2000393,Methotrexate,0.21875
62,2000393,Selinexor,0.25
62,2000393,Vincristine,0.18018018
62,2000393,Nilotinib,1
62,2000393,Temsirolimus,0.0625
62,2000393,Bosutinib,0.086538462
62,2000393,Panobinostat,0.267857143
62,2000393,Trametinib,0.072164948
62,2000393,Ruxolitinib,1
62,2000393,Dinaciclib,0.105769231
62,2000393,A1331852,0.28125
62,2000393,S-63845,0.0625
62,2000393,Nelarabine,0.355140187
66,2000394,Idarubicin,0.356756757
66,2000394,Dasatinib,0.269565217
66,2000394,Ponatinib,0.541284404
66,2000394,Venetoclax,0.347826087
66,2000394,Navitoclax,0.297297297
66,2000394,Doxorubicin,0.616071429
66,2000394,Birinapant,0.577981651
66,2000394,Bortezomib,0.640350877
66,2000394,CB-103,0.108108108
66,2000394,Dexamethasone,0.185840708
66,2000394,Cytarabine,0.8125
66,2000394,Etoposide,0.514563107
66,2000394,Methotrexate,1
66,2000394,Selinexor,0.258928571
66,2000394,Vincristine,0.657657658
66,2000394,Nilotinib,1
66,2000394,Temsirolimus,0.6875
66,2000394,Bosutinib,0.240384615
66,2000394,Panobinostat,0.5
66,2000394,Trametinib,0.567010309
66,2000394,Ruxolitinib,0.020408163
66,2000394,Dinaciclib,0.586538462
66,2000394,A1331852,0.0625
66,2000394,S-63845,0.475
66,2000394,Nelarabine,0.252336449
41,2000402,Idarubicin,0.821621622
41,2000402,Dasatinib,1
41,2000402,Ponatinib,1
41,2000402,Venetoclax,0.843478261
41,2000402,Navitoclax,0.900900901
41,2000402,Doxorubicin,0.973214286
41,2000402,Birinapant,1
41,2000402,Bortezomib,1
41,2000402,CB-103,1
41,2000402,Dexamethasone,0.513274336
41,2000402,Cytarabine,0.75
41,2000402,Etoposide,0.67961165
41,2000402,Methotrexate,1
41,2000402,Selinexor,0.553571429
41,2000402,Vincristine,0.828828829
41,2000402,Nilotinib,1
41,2000402,Temsirolimus,0.84375
41,2000402,Bosutinib,1
41,2000402,Panobinostat,0.821428571
41,2000402,Trametinib,0.762886598
41,2000402,Ruxolitinib,1
41,2000402,Dinaciclib,0.836538462
41,2000402,A1331852,0.34375
41,2000402,S-63845,0.7625
41,2000402,Nelarabine,0.056074766
7,2000052,Idarubicin,0.486486486
7,2000052,Dasatinib,1
7,2000052,Ponatinib,0.752293578
7,2000052,Venetoclax,0.860869565
7,2000052,Navitoclax,0.693693694
7,2000052,Doxorubicin,0.883928571
7,2000052,Birinapant,0.311926606
7,2000052,Bortezomib,0.824561404
7,2000052,CB-103,1
7,2000052,Dexamethasone,0.265486726
7,2000052,Cytarabine,0.767857143
7,2000052,Etoposide,0.805825243
7,2000052,Methotrexate,1
7,2000052,Selinexor,0.169642857
7,2000052,Vincristine,0.747747748
7,2000052,Nilotinib,1
7,2000052,Temsirolimus,0.614583333
7,2000052,Bosutinib,0.711538462
7,2000052,Panobinostat,0.732142857
7,2000052,Trametinib,0.597938144
7,2000052,Ruxolitinib,1
7,2000052,Dinaciclib,0.711538462
7,2000052,A1331852,0.583333333
7,2000052,S-63845,0.775
7,2000052,Nelarabine,0.336448598
8,2000064,Idarubicin,0.443243243
8,2000064,Dasatinib,0.295652174
8,2000064,Ponatinib,0.431192661
8,2000064,Venetoclax,0.052173913
8,2000064,Navitoclax,0.081081081
8,2000064,Doxorubicin,0.357142857
8,2000064,Birinapant,0.550458716
8,2000064,Bortezomib,0.254385965
8,2000064,CB-103,1
8,2000064,Dexamethasone,1
8,2000064,Cytarabine,0.651785714
8,2000064,Etoposide,0.427184466
8,2000064,Methotrexate,1
8,2000064,Selinexor,0.053571429
8,2000064,Vincristine,0.405405405
8,2000064,Nilotinib,0.235294118
8,2000064,Temsirolimus,0.21875
8,2000064,Bosutinib,0.105769231
8,2000064,Panobinostat,0.294642857
8,2000064,Trametinib,0.494845361
8,2000064,Ruxolitinib,0.102040816
8,2000064,Dinaciclib,0.278846154
8,2000064,A1331852,0.479166667
8,2000064,S-63845,0.1375
8,2000064,Nelarabine,0.53271028
5,2000385,Idarubicin,0.718918919
5,2000385,Dasatinib,0.130434783
5,2000385,Ponatinib,0.669724771
5,2000385,Venetoclax,0.695652174
5,2000385,Navitoclax,0.621621622
5,2000385,Doxorubicin,0.455357143
5,2000385,Birinapant,1
5,2000385,Bortezomib,0.736842105
5,2000385,CB-103,1
5,2000385,Dexamethasone,0.017699115
5,2000385,Cytarabine,0.142857143
5,2000385,Etoposide,0.13592233
5,2000385,Methotrexate,0.197916667
5,2000385,Selinexor,0.705357143
5,2000385,Vincristine,0.531531532
5,2000385,Nilotinib,0.274509804
5,2000385,Temsirolimus,0.885416667
5,2000385,Bosutinib,0.019230769
5,2000385,Panobinostat,0.535714286
5,2000385,Trametinib,0.412371134
5,2000385,Ruxolitinib,1
5,2000385,Dinaciclib,0.394230769
5,2000385,A1331852,0.072916667
5,2000385,S-63845,0.6
5,2000385,Nelarabine,0.018691589
61,2000395,Idarubicin,0.286486486
61,2000395,Dasatinib,0.434782609
61,2000395,Ponatinib,0.357798165
61,2000395,Venetoclax,0.426086957
61,2000395,Navitoclax,0.252252252
61,2000395,Doxorubicin,0.348214286
61,2000395,Birinapant,0.614678899
61,2000395,Bortezomib,0.333333333
61,2000395,CB-103,1
61,2000395,Dexamethasone,0.061946903
61,2000395,Cytarabine,0.276785714
61,2000395,Etoposide,0.368932039
61,2000395,Methotrexate,0.041666667
61,2000395,Selinexor,0.473214286
61,2000395,Vincristine,0.666666667
61,2000395,Nilotinib,1
61,2000395,Temsirolimus,0.822916667
61,2000395,Bosutinib,0.365384615
61,2000395,Panobinostat,0.285714286
61,2000395,Trametinib,1
61,2000395,Ruxolitinib,1
61,2000395,Dinaciclib,0.326923077
61,2000395,A1331852,0.552083333
61,2000395,S-63845,0.35
61,2000395,Nelarabine,0.364485981
25,2000059,Idarubicin,0.324324324
25,2000059,Dasatinib,0.373913043
25,2000059,Ponatinib,0.495412844
25,2000059,Venetoclax,0.565217391
25,2000059,Navitoclax,0.522522523
25,2000059,Doxorubicin,0.491071429
25,2000059,Birinapant,1
25,2000059,Bortezomib,0.605263158
25,2000059,CB-103,1
25,2000059,Dexamethasone,0.681415929
25,2000059,Cytarabine,0.866071429
25,2000059,Etoposide,0.485436893
25,2000059,Methotrexate,1
25,2000059,Selinexor,0.8125
25,2000059,Vincristine,0.297297297
25,2000059,Nilotinib,1
25,2000059,Temsirolimus,0.333333333
25,2000059,Bosutinib,0.538461538
25,2000059,Panobinostat,0.651785714
25,2000059,Trametinib,0.721649485
25,2000059,Ruxolitinib,1
25,2000059,Dinaciclib,0.596153846
25,2000059,A1331852,0.395833333
25,2000059,S-63845,0.575
25,2000059,Nelarabine,0.38317757
76,2017085,Idarubicin,0.264864865
76,2017085,Dasatinib,0.156521739
76,2017085,Ponatinib,0.146788991
76,2017085,Venetoclax,0.530434783
76,2017085,Navitoclax,0.747747748
76,2017085,Doxorubicin,0.276785714
76,2017085,Birinapant,0.339449541
76,2017085,Bortezomib,0.421052632
76,2017085,CB-103,0.310810811
76,2017085,Dexamethasone,0.787610619
76,2017085,Cytarabine,0.321428571
76,2017085,Etoposide,0.126213592
76,2017085,Methotrexate,1
76,2017085,Selinexor,0.178571429
76,2017085,Vincristine,0.261261261
76,2017085,Nilotinib,0.245098039
76,2017085,Temsirolimus,0.072916667
76,2017085,Bosutinib,0.5
76,2017085,Panobinostat,0.446428571
76,2017085,Trametinib,0.020618557
76,2017085,Ruxolitinib,0.153061224
76,2017085,Dinaciclib,0.451923077
76,2017085,A1331852,0.635416667
76,2017085,S-63845,0.75
76,2017085,Nelarabine,0.280373832
40,,Idarubicin,0.441025641
40,,Venetoclax,0.550847458
40,,Bortezomib,0.042735043
40,,Birinapant,0.017857143
40,,Cytarabine,0.295652174
40,,Dasatinib,0.177966102
40,,Dexamethasone,0.00862069
40,,Dinaciclib,0.23364486
40,,Doxorubicin,0.304347826
40,,Etoposide,0.254716981
40,,Navitoclax,0.929824561
40,,Panobinostat,0.156521739
40,,Ruxolitinib,0.02970297
40,,Selinexor,0.47826087
40,,Bosutinib,0.009433962
40,,Vincristine,0.035087719
70,,Nilotinib,1
70,,Methotrexate,1
70,,Idarubicin,0.723077
70,,Bortezomib,0.03418803
70,,Navitoclax,0.35964912
70,,Panobinostat,0.12173913
70,,Etoposide,0.79245283
70,,Doxorubicin,0.5826087
70,,Dexamethasone,0.04310345
70,,Dasatinib,0.50847458
70,,Vincristine,0.22807018
70,,Cytarabine,0.36521739
70,,Venetoclax,0.58474576
70,,Temsirolimus,0.92857143
70,,Birinapant,0.08035714
70,,Ruxolitinib,0.10891089
70,,Trametinib,0.85858586
70,,Selinexor,0.19130435
70,,Dinaciclib,0.02803738
96,,Idarubicin,0.174359
96,,Venetoclax,0.6440678
96,,Bortezomib,0.32478632
96,,Birinapant,0.13392857
96,,Cytarabine,0.05217391
96,,Dasatinib,0.25423729
96,,Dexamethasone,0.03448276
96,,Dinaciclib,0.01869159
96,,Doxorubicin,0.1826087
96,,Etoposide,0.28301887
96,,Navitoclax,0.46491228
96,,Panobinostat,0.2
96,,Ruxolitinib,0.05940594
96,,Selinexor,0.53913043
96,,Bosutinib,0.83962264
96,,Vincristine,0.26315789
96,,Trametinib,0.82828283
96,,Ponatinib,0.81818182
96,,Methotrexate,1
96,,Temsirolimus,0.66326531
96,,Nilotinib,0.29807692
96,,Nelarabine,0.75
96,,A1331852,0.77319588
96,,S-63845,1
